iter	AverageGain:top=5
0	0.3603031822
1	0.3612506005
2	0.3612316521
3	0.3705163515
4	0.370592145
5	0.3705542483
6	0.3742870764
7	0.3743818182
8	0.3754808235
9	0.3755376686
10	0.37540503
11	0.3755755653
12	0.3754429267
13	0.3755187202
14	0.3755187202
15	0.3754618751
16	0.3754997718
17	0.3754997718
18	0.3755187202
19	0.3899384268
20	0.3899384268
21	0.3899384268
22	0.3900710654
23	0.3900710654
24	0.3900710654
25	0.390052117
26	0.3899952719
27	0.3949976406
28	0.3947323634
29	0.3947323634
30	0.3947892085
31	0.3948081569
32	0.3948839503
33	0.3948081569
34	0.4055897772
35	0.4055329321
36	0.4055897772
37	0.4055897772
38	0.4055708288
39	0.4056087256
40	0.4077688393
41	0.4077498909
42	0.4076930458
43	0.4076930458
44	0.4077877877
45	0.4078635811
46	0.4077877877
47	0.4086025674
48	0.4300142209
49	0.4301089627
50	0.4310374327
51	0.4309805876
52	0.4309237425
53	0.4309995359
54	0.431056381
55	0.4310374327
56	0.4311132261
57	0.4311700712
58	0.4311700712
59	0.4312458647
60	0.4313785033
61	0.4312648131
62	0.4341828614
63	0.4342397065
64	0.4343344483
65	0.4344670868
66	0.4479204266
67	0.4478635815
68	0.4478067364
69	0.4479583233
70	0.4479962201
71	0.4558787403
72	0.4560303273
73	0.4559355854
74	0.4561061207
75	0.4560871724
76	0.456068224
77	0.4561440175
78	0.4562577077
79	0.4586262534
80	0.4586452017
81	0.4586641501
82	0.4587209952
83	0.4586641501
84	0.4587588919
85	0.4587778403
86	0.4587209952
87	0.4590052207
88	0.4596115684
89	0.4596684135
90	0.4597063102
91	0.4596873619
92	0.4621695978
93	0.4622453913
94	0.4622453913
95	0.4621885462
96	0.4621317011
97	0.4621506494
98	0.4623401331
99	0.4623780298
100	0.462283288
101	0.4623590815
102	0.4641402279
103	0.4642539181
104	0.4639696926
105	0.4639507442
106	0.463988641
107	0.4640454861
108	0.4642349697
109	0.4641591763
110	0.4643107632
111	0.4645191952
112	0.4650686978
113	0.4648981625
114	0.4681004364
115	0.4680056946
116	0.4681762299
117	0.4695784089
118	0.4697489442
119	0.4697489442
120	0.4697299959
121	0.4696920991
122	0.4695405122
123	0.469635254
124	0.4695405122
125	0.469786841
126	0.4722122318
127	0.4725533024
128	0.4725722508
129	0.4726480443
130	0.4724396122
131	0.4724964573
132	0.4724964573
133	0.4727048894
134	0.472685941
135	0.472685941
136	0.4760776984
137	0.4761345435
138	0.4761724402
139	0.4761534919
140	0.4759829566
141	0.4759829566
142	0.4759450598
143	0.4758882148
144	0.4759450598
145	0.4761724402
146	0.4759261115
147	0.4759261115
148	0.4760208533
149	0.4761534919
150	0.4761345435
151	0.47605875
152	0.4758692664
153	0.4759450598
154	0.4762482337
155	0.4763429755
156	0.4764756141
157	0.4764756141
158	0.4766082526
159	0.4765703559
160	0.4766650977
161	0.4764566657
162	0.4766082527
163	0.4766840461
164	0.4767219429
165	0.4781620187
166	0.4781430703
167	0.4781620187
168	0.4782946572
169	0.4782567605
170	0.478332554
171	0.4783515023
172	0.4782946572
173	0.4781430703
174	0.4786736246
175	0.4795831461
176	0.4807768932
177	0.480871635
178	0.4808337383
179	0.480871635
180	0.4810611187
181	0.4807010997
182	0.4807200481
183	0.4807389964
184	0.4807010997
185	0.480663203
186	0.4806821513
187	0.4807200481
188	0.480871635
189	0.4807768932
190	0.4808147899
191	0.4807389964
192	0.4809284801
193	0.4809474285
194	0.4809284801
195	0.4807768932
196	0.4807200481
197	0.4807958415
198	0.4809095317
199	0.4808147899
200	0.4807958415
201	0.4815158794
202	0.4815158794
203	0.4813642925
204	0.4811748088
205	0.4810990154
206	0.4810611186
207	0.4812316539
208	0.4813074474
209	0.4812695507
210	0.4813642925
211	0.4813642925
212	0.4842065474
213	0.4842633925
214	0.4843012892
215	0.4842065474
216	0.4843012892
217	0.4843202376
218	0.4842065474
219	0.4843960311
220	0.4842823409
221	0.4861392807
222	0.4860255905
223	0.4860255905
224	0.4860255905
225	0.4861203324
226	0.4860824356
227	0.4862340226
228	0.4861961258
229	0.4861582291
230	0.4861582291
231	0.4861771775
232	0.4861771775
233	0.4861203324
234	0.4861582291
235	0.4861582291
236	0.4861771775
237	0.4862908676
238	0.4862908676
239	0.4861582291
240	0.4861771775
241	0.486101384
242	0.4865561448
243	0.4865940415
244	0.4891899676
245	0.4892847094
246	0.4893226062
247	0.4892847094
248	0.489208916
249	0.4891710193
250	0.4893036578
251	0.4891899676
252	0.4892847095
253	0.4892657611
254	0.4892657611
255	0.4891899676
256	0.4891331225
257	0.4898342121
258	0.4897015735
259	0.4903458179
260	0.4903458179
261	0.4903079212
262	0.4905731983
263	0.4904974049
264	0.4903647663
265	0.4904026631
266	0.4904216114
267	0.49055425
268	0.4906300434
269	0.4907247853
270	0.4906679402
271	0.4906679402
272	0.4907058369
273	0.4907437336
274	0.4907437336
275	0.4907058369
276	0.4906868885
277	0.4906868885
278	0.4911037525
279	0.4910279591
280	0.4909900623
281	0.4911227009
282	0.4911605976
283	0.4912174427
284	0.4911605976
285	0.4912553395
286	0.4921838094
287	0.4922785512
288	0.4920322225
289	0.4922406545
290	0.4922217061
291	0.4921838094
292	0.492164861
293	0.4921838094
294	0.4921269643
295	0.4922974996
296	0.4923922414
297	0.4923543447
298	0.492316448
299	0.4924490865
300	0.4930175375
301	0.4932449179
302	0.4931691244
303	0.4931880728
304	0.4931880728
305	0.4934912466
306	0.4939649558
307	0.493870214
308	0.4939460074
309	0.4938891623
310	0.4939649558
311	0.4939460074
312	0.4940975943
313	0.4941165427
314	0.4942112845
315	0.4943249747
316	0.4942681296
317	0.4942302329
318	0.4943628715
319	0.4943818198
320	0.4944576133
321	0.494078646
322	0.4941165427
323	0.4941544394
324	0.4942112845
325	0.4941354911
326	0.4942112845
327	0.4942302329
328	0.4941544395
329	0.4942302329
330	0.4943060264
331	0.4943818198
332	0.4944007682
333	0.4943249747
334	0.4944386649
335	0.4944765617
336	0.4944386649
337	0.4944007682
338	0.4946092002
339	0.494647097
340	0.494647097
341	0.4946660453
342	0.4946849937
343	0.4948934257
344	0.4948365806
345	0.4949123741
346	0.4949313224
347	0.4951018577
348	0.4950071159
349	0.4949692192
350	0.4949881675
351	0.4949502708
352	0.4947039421
353	0.4947797355
354	0.4948176323
355	0.4949123741
356	0.4949502708
357	0.4951018577
358	0.4952155479
359	0.4949313225
360	0.4949881675
361	0.4950071159
362	0.4948744774
363	0.4950071159
364	0.4950450126
365	0.4950829094
366	0.4952344963
367	0.4953481865
368	0.4950450126
369	0.4951965996
370	0.4950260643
371	0.495272393
372	0.4953292381
373	0.4954808251
374	0.4953481865
375	0.49542398
376	0.4954050316
377	0.4955755669
378	0.4954997734
379	0.4953671348
380	0.4954050316
381	0.4954618767
382	0.4954618767
383	0.4955566185
384	0.4957082054
385	0.4956703087
386	0.4956513603
387	0.4956703087
388	0.4957650505
389	0.4956134636
390	0.4956134636
391	0.495632412
392	0.4955187218
393	0.4955945152
394	0.4958597924
395	0.4958976891
396	0.4960303277
397	0.4959734826
398	0.4959924309
399	0.4959355858
400	0.4960682244
401	0.4959924309
402	0.4960303277
403	0.4960682244
404	0.4961250695
405	0.496200863
406	0.4963713982
407	0.4963145531
408	0.4963713982
409	0.496409295
410	0.4963335015
411	0.4963713982
412	0.496617727
413	0.4967882623
414	0.4968640558
415	0.4969398492
416	0.496977746
417	0.4971293329
418	0.4970345911
419	0.4970914362
420	0.4970914362
421	0.4972051264
422	0.4969019525
423	0.4970345911
424	0.4971293329
425	0.4972051264
426	0.497186178
427	0.4972051263
428	0.4972998682
429	0.4973567133
430	0.4976409388
431	0.4975840937
432	0.4974704035
433	0.4975083002
434	0.4975083002
435	0.4974893519
436	0.4975840937
437	0.4976598872
438	0.4976977839
439	0.4977735773
440	0.4976788355
441	0.4977356806
442	0.4978683192
443	0.4979820094
444	0.4980388545
445	0.4982283381
446	0.4980009577
447	0.4980956996
448	0.4980956996
449	0.4982283381
450	0.49832308
451	0.4982283381
452	0.4982283381
453	0.4982472865
454	0.4982851832
455	0.49832308
456	0.4984178218
457	0.498531512
458	0.4984936153
459	0.498531512
460	0.4983041316
461	0.4984746669
462	0.4983609767
463	0.4982283381
464	0.4983420283
465	0.4984367702
466	0.4983041316
467	0.4983988734
468	0.4983609767
469	0.4981146479
470	0.4981146479
471	0.4980578028
472	0.4980009577
473	0.4981525447
474	0.4981525447
475	0.4982093898
476	0.4980009577
477	0.4980199061
478	0.4979820094
479	0.4979820094
480	0.4978872676
481	0.4978493708
482	0.4978872676
483	0.4979820094
484	0.4978872676
485	0.4980199061
486	0.4979251643
487	0.4979441126
488	0.4978114741
489	0.4978872676
490	0.4979441126
491	0.4978872675
492	0.497963061
493	0.4979062159
494	0.4978493708
495	0.4978683192
496	0.4977735774
497	0.4979062159
498	0.4978683192
499	0.4978114741
500	0.4977167323
501	0.4979251643
502	0.4979251643
503	0.497963061
504	0.497963061
505	0.4979441126
506	0.4979441126
507	0.4980388545
508	0.4981904414
509	0.498171493
510	0.4981146479
511	0.4982851832
512	0.4983041316
513	0.4983041316
514	0.4983041316
515	0.4982472865
516	0.49832308
517	0.498171493
518	0.498171493
519	0.4983041316
520	0.4984746669
521	0.4984178218
522	0.4984936153
523	0.4984367702
524	0.4983420283
525	0.4984367702
526	0.4984936153
527	0.4985694087
528	0.4984746669
529	0.4984367702
530	0.4983988734
531	0.4982472865
532	0.4983041316
533	0.4984367702
534	0.4984936153
535	0.4984746669
536	0.4984367702
537	0.4984557185
538	0.4983609767
539	0.4983609767
540	0.4986452022
541	0.4986641506
542	0.4986452022
543	0.4986452022
544	0.4986073055
545	0.4986073055
546	0.4985125636
547	0.4985125636
548	0.4984936153
549	0.4984936153
550	0.4984936153
551	0.4984367702
552	0.4983609767
553	0.4984178218
554	0.4984936152
555	0.4984746669
556	0.4984936153
557	0.498531512
558	0.4985694087
559	0.4986073054
560	0.4987588924
561	0.4986830989
562	0.4987209956
563	0.4986830989
564	0.4986830989
565	0.4987778407
566	0.4989104793
567	0.4987967891
568	0.4987020473
569	0.4986073054
570	0.4986073054
571	0.4986262538
572	0.498739944
573	0.4987967891
574	0.4988346858
575	0.4986641505
576	0.4986073054
577	0.4987020473
578	0.4986452022
579	0.498739944
580	0.4989104793
581	0.4988915309
582	0.4987967891
583	0.4988346858
584	0.4988725826
585	0.4988915309
586	0.4989294277
587	0.498948376
588	0.4991189113
589	0.4990431179
590	0.4990620662
591	0.4990431179
592	0.4989294277
593	0.4989673244
594	0.498948376
595	0.4988536342
596	0.4986641505
597	0.4987778407
598	0.4986830989
599	0.4985694087
600	0.4985504603
601	0.4986641505
602	0.4986830989
603	0.498739944
604	0.4985694087
605	0.4985694087
606	0.498531512
607	0.4986073054
608	0.4986830989
609	0.498739944
610	0.4987588924
611	0.4986830989
612	0.4987209956
613	0.498739944
614	0.4987967891
615	0.4988915309
616	0.4989673244
617	0.4990052211
618	0.4989673244
619	0.4990052211
620	0.4990999629
621	0.4990810146
622	0.4990052211
623	0.4990052211
624	0.4989673244
625	0.4989862727
626	0.4990999629
627	0.4990999629
628	0.4991189113
629	0.4990620662
630	0.4990999629
631	0.4991378597
632	0.4991378597
633	0.4991189113
634	0.4989673244
635	0.4990620662
636	0.4990999629
637	0.4991378597
638	0.4991378597
639	0.4991757564
640	0.4991757564
641	0.4991378597
642	0.4992515499
643	0.4992515499
644	0.4992136531
645	0.4992704982
646	0.4992894466
647	0.4994031368
648	0.4993462917
649	0.4992894466
650	0.4994410335
651	0.499516827
652	0.4994031368
653	0.4994031368
654	0.4995357753
655	0.4994978786
656	0.499516827
657	0.499516827
658	0.4993841884
659	0.4993652401
660	0.4993841884
661	0.4993273433
662	0.4993652401
663	0.4993841884
664	0.499516827
665	0.4994599819
666	0.499516827
667	0.4994599819
668	0.499516827
669	0.4994789302
670	0.4993652401
671	0.4993273433
672	0.4993841884
673	0.49936524
674	0.49936524
675	0.4993462917
676	0.4992136531
677	0.49936524
678	0.4994031368
679	0.4994789302
680	0.4996684139
681	0.499725259
682	0.4996873623
683	0.4997631557
684	0.4997442074
685	0.4997821041
686	0.499725259
687	0.4997631557
688	0.4998200008
689	0.4997063106
690	0.4996873623
691	0.499725259
692	0.4996494655
693	0.4998578976
694	0.4998200008
695	0.4998010525
696	0.499933691
697	0.5000284329
698	0.4999526394
699	0.5000284329
700	0.4999905361
701	0.5001231747
702	0.5001042263
703	0.5000473812
704	0.4999715878
705	0.499933691
706	0.5000094845
707	0.5000284329
708	0.5000284329
709	0.5000284329
710	0.4999715878
711	0.4998768459
712	0.4999905361
713	0.5000284329
714	0.500142123
715	0.5001800198
716	0.5002179165
717	0.5001989682
718	0.5002558133
719	0.50029371
720	0.50029371
721	0.5003505551
722	0.5002558132
723	0.5003126583
724	0.5002558133
725	0.5002747616
726	0.5002558133
727	0.5002558133
728	0.5004074002
729	0.5004452969
730	0.5004452969
731	0.5003884518
732	0.5003695034
733	0.5003316067
734	0.5002747616
735	0.5001989682
736	0.5002368649
737	0.50029371
738	0.5003316067
739	0.5003695034
740	0.50029371
741	0.5001989682
742	0.5002558132
743	0.5002747616
744	0.50029371
745	0.5003126584
746	0.5003505551
747	0.5003695034
748	0.5003884518
749	0.5004263485
750	0.500502142
751	0.5004642453
752	0.5004263485
753	0.5004263485
754	0.5005210904
755	0.5005210904
756	0.5005400387
757	0.5006726773
758	0.5006158322
759	0.5005968838
760	0.5005400387
761	0.5005400387
762	0.5004831936
763	0.5006537289
764	0.500710574
765	0.5007295224
766	0.5005589871
767	0.5006726773
768	0.5007484708
769	0.5006916257
770	0.5006726773
771	0.5006726773
772	0.500710574
773	0.500710574
774	0.500710574
775	0.5006537289
776	0.5006537289
777	0.5005589871
778	0.500502142
779	0.5006726773
780	0.500710574
781	0.5007295224
782	0.500710574
783	0.5007863675
784	0.5007484708
785	0.5008242642
786	0.5008432126
787	0.500862161
788	0.5009379544
789	0.5008053159
790	0.5007863675
791	0.5008432126
792	0.5007863675
793	0.5007674191
794	0.5007295224
795	0.5007674191
796	0.5007863675
797	0.5007484708
798	0.5008242642
799	0.5008242642
800	0.5007674191
801	0.5006916257
802	0.5006347806
803	0.5006916257
804	0.5007295224
805	0.5006726773
806	0.5007295224
807	0.5006347806
808	0.5008053159
809	0.5007674191
810	0.5008053159
811	0.5009000577
812	0.5008053159
813	0.5007484708
814	0.500710574
815	0.5006916257
816	0.500862161
817	0.5007484708
818	0.5008053159
819	0.5007863675
820	0.5007674191
821	0.5007863675
822	0.5008242642
823	0.500862161
824	0.500862161
825	0.500862161
826	0.500862161
827	0.5007674191
828	0.5007863675
829	0.5007295224
830	0.5007674191
831	0.5007484708
832	0.500710574
833	0.500710574
834	0.5007484708
835	0.500710574
836	0.5007484708
837	0.5007295224
838	0.5007295224
839	0.5007295224
840	0.5007295224
841	0.5007295224
842	0.5008053158
843	0.5008053158
844	0.5008242642
845	0.5008811093
846	0.500919006
847	0.500919006
848	0.5009000577
849	0.5010137479
850	0.5009947995
851	0.5010326962
852	0.5010895413
853	0.5010516446
854	0.501070593
855	0.501070593
856	0.501070593
857	0.501070593
858	0.5010326962
859	0.5011274381
860	0.5011274381
861	0.5011274381
862	0.5011084897
863	0.5010516446
864	0.5010137479
865	0.5010326962
866	0.501070593
867	0.5010137479
868	0.5011084897
869	0.5010516446
870	0.5011084897
871	0.5011084897
872	0.5011084897
873	0.5011084897
874	0.5011084897
875	0.5011463864
876	0.5011084897
877	0.5011084897
878	0.5011274381
879	0.5011274381
880	0.5011084897
881	0.5011084897
882	0.5011084897
883	0.5011463864
884	0.5011653348
885	0.5011842832
886	0.5011084897
887	0.5011463864
888	0.5011463864
889	0.5011274381
890	0.5010326962
891	0.5012032315
892	0.5011842832
893	0.5012411283
894	0.5012411283
895	0.5010895413
896	0.5012600766
897	0.5012979734
898	0.5014116636
899	0.5013358701
900	0.5014306119
901	0.5014306119
902	0.5014495603
903	0.5013548185
904	0.5013169217
905	0.5013927152
906	0.5013358701
907	0.5012411283
908	0.5012221799
909	0.5012221799
910	0.501279025
911	0.5012600766
912	0.5012979734
913	0.5012979734
914	0.5012411283
915	0.5012411283
916	0.5012411283
917	0.5012221799
918	0.5012600766
919	0.5013169217
920	0.5012979734
921	0.5013358701
922	0.5012979734
923	0.5013737668
924	0.5013737668
925	0.5013737668
926	0.5013358701
927	0.5013548185
928	0.5013927152
929	0.5014116636
930	0.5013927152
931	0.5013927152
932	0.501487457
933	0.5014116636
934	0.5014685087
935	0.5015064054
936	0.5015443021
937	0.5015443021
938	0.5014685087
939	0.501487457
940	0.5015821989
941	0.5016579923
942	0.5015632505
943	0.5016200956
944	0.501487457
945	0.501487457
946	0.5015632505
947	0.5015821989
948	0.5014116636
949	0.5014495603
950	0.5015253538
951	0.501487457
952	0.5015064054
953	0.5015064054
954	0.5015064054
955	0.5015632505
956	0.5015253538
957	0.5015443021
958	0.5015443021
959	0.5015632505
960	0.5016011472
961	0.5015632505
962	0.5015632505
963	0.5015632505
964	0.5015632505
965	0.5015632505
966	0.5015821989
967	0.5016011472
968	0.5015443021
969	0.5015443021
970	0.5015443021
971	0.5015064054
972	0.5015064054
973	0.5015064054
974	0.5015064054
975	0.5014685087
976	0.5014685087
977	0.5014685087
978	0.5014685087
979	0.5014685087
980	0.5014685087
981	0.5015253538
982	0.5015064054
983	0.5015632505
984	0.5015821989
985	0.5015443021
986	0.5015064054
987	0.5015064054
988	0.501487457
989	0.5015253538
990	0.5015632505
991	0.5016011472
992	0.5016579923
993	0.501639044
994	0.5016579923
995	0.501639044
996	0.5016579923
997	0.5016579923
998	0.5016958891
999	0.5016579923
1000	0.5016579923
1001	0.5016579923
1002	0.5017148374
1003	0.5018285276
1004	0.5017716825
1005	0.5017527342
1006	0.5017527342
1007	0.5017716825
1008	0.5019043211
1009	0.5019611662
1010	0.501847476
1011	0.5019990629
1012	0.5018853727
1013	0.5018853727
1014	0.5018853727
1015	0.5018853727
1016	0.5017906309
1017	0.5018285276
1018	0.5018664243
1019	0.5018285276
1020	0.501847476
1021	0.5018664243
1022	0.5018285276
1023	0.5018285276
1024	0.5019422178
1025	0.5019422178
1026	0.5019422178
1027	0.5018853727
1028	0.5019232694
1029	0.5019232694
1030	0.5019043211
1031	0.5018853727
1032	0.5019801145
1033	0.5019801145
1034	0.5019990629
1035	0.5019611662
1036	0.502055908
1037	0.502055908
1038	0.5019422178
1039	0.5019801145
1040	0.5019801145
1041	0.5018853727
1042	0.5019232694
1043	0.5019232694
1044	0.5019422178
1045	0.5019043211
1046	0.5018853727
1047	0.5018853727
1048	0.5018853727
1049	0.5018095793
1050	0.5017906309
1051	0.5017716825
1052	0.5017148374
1053	0.5017906309
1054	0.5017906309
1055	0.5017906309
1056	0.5018095793
1057	0.5018285276
1058	0.5018285276
1059	0.5017527342
1060	0.5017337858
1061	0.5017337858
1062	0.5017148374
1063	0.5017716825
1064	0.5018285276
1065	0.5017148374
1066	0.5018664243
1067	0.5017906309
1068	0.5018664243
1069	0.5018664243
1070	0.5019043211
1071	0.5019232694
1072	0.5019232694
1073	0.5018664243
1074	0.5018285276
1075	0.5018095792
1076	0.5018285276
1077	0.5018095792
1078	0.5018853727
1079	0.5018285276
1080	0.5018853727
1081	0.5019422178
1082	0.5019043211
1083	0.501847476
1084	0.5017716825
1085	0.5017527342
1086	0.5016769407
1087	0.5017148374
1088	0.5018285276
1089	0.501847476
1090	0.5018095793
1091	0.5018853727
1092	0.5019043211
1093	0.5019611662
1094	0.5020938047
1095	0.5021127531
1096	0.5021317015
1097	0.5021317015
1098	0.5022453917
1099	0.502055908
1100	0.5020748564
1101	0.502055908
1102	0.5019990629
1103	0.5021127531
1104	0.5021885466
1105	0.5021506498
1106	0.5021317015
1107	0.5020748564
1108	0.5021317015
1109	0.5020748564
1110	0.5021127531
1111	0.5022264433
1112	0.5021695982
1113	0.5022074949
1114	0.5022074949
1115	0.5021695982
1116	0.5022264433
1117	0.5022264433
1118	0.5021885466
1119	0.5021506498
1120	0.5022264433
1121	0.5021885466
1122	0.5020180113
1123	0.502055908
1124	0.5020938047
1125	0.5020938047
1126	0.5021317015
1127	0.5021506498
1128	0.5021506498
1129	0.5021885466
1130	0.50226434
1131	0.5023780302
1132	0.5023780302
1133	0.5023401335
1134	0.5023401335
1135	0.5023401335
1136	0.5023780302
1137	0.5024348753
1138	0.5024348753
1139	0.5024348753
1140	0.502415927
1141	0.502415927
1142	0.502472772
1143	0.5024917204
1144	0.5025296171
1145	0.5025485655
1146	0.5024917204
1147	0.5024917204
1148	0.5023780302
1149	0.5024727721
1150	0.5025106688
1151	0.5025106688
1152	0.5025485655
1153	0.5025296171
1154	0.5025296171
1155	0.5024917204
1156	0.502624359
1157	0.502624359
1158	0.5026054106
1159	0.5026054106
1160	0.5026433073
1161	0.5027001524
1162	0.5027001524
1163	0.5026433073
1164	0.5026622557
1165	0.5027001524
1166	0.5027191008
1167	0.5027191008
1168	0.5027569975
1169	0.5027948943
1170	0.5027569975
1171	0.5027569975
1172	0.5027569975
1173	0.5027569975
1174	0.5027569975
1175	0.5027001524
1176	0.5027001524
1177	0.5026812041
1178	0.5027001524
1179	0.5027759459
1180	0.5027948943
1181	0.5027191008
1182	0.5027380492
1183	0.5027191008
1184	0.5027569975
1185	0.5027759459
1186	0.5027001524
1187	0.5027001524
1188	0.5027380492
1189	0.5027380492
1190	0.5027380492
1191	0.5027191008
1192	0.5027191008
1193	0.5028138426
1194	0.5029275328
1195	0.5029085845
1196	0.5028138426
1197	0.5028138426
1198	0.5028138426
1199	0.5027948943
1200	0.502832791
1201	0.5028517394
1202	0.5028517394
1203	0.5028896361
1204	0.5028138426
1205	0.5027948943
1206	0.5027191008
1207	0.5027380492
1208	0.5028517394
1209	0.5028517394
1210	0.5028517394
1211	0.5029085845
1212	0.5029085845
1213	0.5028706877
1214	0.5029654296
1215	0.5029275328
1216	0.5029654296
1217	0.5029654296
1218	0.5030033263
1219	0.5030222747
1220	0.5029085845
1221	0.5029843779
1222	0.5029843779
1223	0.5029464812
1224	0.5029464812
1225	0.5029464812
1226	0.5029464812
1227	0.5029275328
1228	0.5029275328
1229	0.5029275328
1230	0.5029464812
1231	0.5030033263
1232	0.5029085845
1233	0.5030033263
1234	0.5030033263
1235	0.503041223
1236	0.5029085845
1237	0.5029464812
1238	0.5029275328
1239	0.5029464812
1240	0.5029654296
1241	0.5029654296
1242	0.503041223
1243	0.5030791198
1244	0.5030222747
1245	0.5031359649
1246	0.5030791198
1247	0.5030791198
1248	0.5030033263
1249	0.5029654296
1250	0.5030222747
1251	0.5030222747
1252	0.5030033263
1253	0.5029843779
1254	0.5030033263
1255	0.5030033263
1256	0.5029654296
1257	0.503041223
1258	0.5030601714
1259	0.503041223
1260	0.5030601714
1261	0.5030033263
1262	0.5030601714
1263	0.5030601714
1264	0.5030601714
1265	0.5029654296
1266	0.5029654296
1267	0.5029654296
1268	0.5029085845
1269	0.5029275328
1270	0.5028517394
1271	0.5028517394
1272	0.5028138426
1273	0.502832791
1274	0.5028706877
1275	0.5028706877
1276	0.5029085845
1277	0.5028896361
1278	0.5027948943
1279	0.5029085845
1280	0.5028896361
1281	0.5028517394
1282	0.5029464812
1283	0.5030222747
1284	0.5029464812
1285	0.5029843779
1286	0.5030601714
1287	0.5030033263
1288	0.5030033263
1289	0.5029654296
1290	0.5030222747
1291	0.5030791198
1292	0.5029464812
1293	0.5030033263
1294	0.5029654296
1295	0.5029654296
1296	0.5030601714
1297	0.503041223
1298	0.5030601714
1299	0.503041223
1300	0.503041223
1301	0.5029843779
1302	0.5030033263
1303	0.503041223
1304	0.5030980681
1305	0.50319281
1306	0.50319281
1307	0.5032496551
1308	0.5033254485
1309	0.5033254485
1310	0.5033254485
1311	0.5033254485
1312	0.5032875518
1313	0.5032686034
1314	0.5033254485
1315	0.5033443969
1316	0.5034391387
1317	0.5033633453
1318	0.5034391387
1319	0.5033822936
1320	0.5034201904
1321	0.5034959838
1322	0.5035149322
1323	0.5034770355
1324	0.5035149322
1325	0.5035149322
1326	0.5035338806
1327	0.5034959838
1328	0.5034580871
1329	0.5034770355
1330	0.5034959838
1331	0.5035338806
1332	0.5035528289
1333	0.5035528289
1334	0.5035149322
1335	0.5035717773
1336	0.5035717773
1337	0.503609674
1338	0.5036854675
1339	0.5036854675
1340	0.5036665191
1341	0.5036286224
1342	0.5036665191
1343	0.5036475708
1344	0.5036665191
1345	0.5036665191
1346	0.5036854675
1347	0.5036286224
1348	0.5036665191
1349	0.5036475708
1350	0.5037044159
1351	0.5037233642
1352	0.5035717773
1353	0.5036286224
1354	0.5036854675
1355	0.5036854675
1356	0.5037423126
1357	0.5037044159
1358	0.5037233642
1359	0.5036475708
1360	0.503609674
1361	0.5035907257
1362	0.5035338806
1363	0.503609674
1364	0.5034959838
1365	0.5034959838
1366	0.5035338806
1367	0.5035717773
1368	0.5035717773
1369	0.5035528289
1370	0.503609674
1371	0.5036286224
1372	0.5036286224
1373	0.5035149322
1374	0.5035149322
1375	0.5035717773
1376	0.5036286224
1377	0.5036286224
1378	0.5036286224
1379	0.5036665191
1380	0.5037044159
1381	0.5036286224
1382	0.5035907257
1383	0.503609674
1384	0.5035717773
1385	0.503609674
1386	0.5035528289
1387	0.5035338806
1388	0.5035149322
1389	0.5034959838
1390	0.5035338806
1391	0.5035149322
1392	0.5035338806
1393	0.5035717773
1394	0.5035717773
1395	0.5035907257
1396	0.503609674
1397	0.5035528289
1398	0.5035717773
1399	0.503609674
1400	0.503609674
1401	0.503609674
1402	0.5037044158
1403	0.5036665191
1404	0.5036475708
1405	0.5035907257
1406	0.5036665191
1407	0.503609674
1408	0.503609674
1409	0.503609674
1410	0.5035528289
1411	0.5035338806
1412	0.5034959838
1413	0.5035528289
1414	0.5035528289
1415	0.503609674
1416	0.5035528289
1417	0.5035528289
1418	0.5035528289
1419	0.5035149322
1420	0.5035149322
1421	0.5035149322
1422	0.5034959838
1423	0.5034580871
1424	0.5034770355
1425	0.5034770355
1426	0.5034770355
1427	0.5035338806
1428	0.5034959838
1429	0.5035528289
1430	0.5035717773
1431	0.5035907257
1432	0.5034580871
1433	0.5033633453
1434	0.5033633453
1435	0.503401242
1436	0.5033822936
1437	0.5034580871
1438	0.503401242
1439	0.503401242
1440	0.503401242
1441	0.5033254485
1442	0.5033254485
1443	0.5033443969
1444	0.5033443969
1445	0.5032496551
1446	0.50319281
1447	0.5031549132
1448	0.5032496551
1449	0.5031549132
1450	0.5031549132
1451	0.5031549132
1452	0.50319281
1453	0.50319281
1454	0.5032496551
1455	0.5033254485
1456	0.50319281
1457	0.5032875518
1458	0.5033065002
1459	0.5033065002
1460	0.5032875518
1461	0.5033254485
1462	0.50319281
1463	0.5031549132
1464	0.5031170165
1465	0.5031170165
1466	0.5031359649
1467	0.5031549132
1468	0.5032496551
1469	0.5032496551
1470	0.5032875518
1471	0.50319281
1472	0.5031359649
1473	0.5031359649
1474	0.5031170165
1475	0.5031170165
1476	0.5031738616
1477	0.5031738616
1478	0.5031738616
1479	0.50319281
1480	0.50319281
1481	0.5031738616
1482	0.5031738616
1483	0.5031359649
1484	0.5031359649
1485	0.5031549132
1486	0.5031738616
1487	0.5031738616
1488	0.5032117583
1489	0.50319281
1490	0.5032496551
1491	0.5032117583
1492	0.5032117583
1493	0.5032117583
1494	0.5032307067
1495	0.5032117583
1496	0.5032117583
1497	0.5032117583
1498	0.5031738616
1499	0.50319281
1500	0.5032496551
1501	0.5032686034
1502	0.5032686034
1503	0.5033443969
1504	0.5033254485
1505	0.5033633453
1506	0.5033633453
1507	0.5033633453
1508	0.5033633453
1509	0.5033254485
1510	0.5033443969
1511	0.5033443969
1512	0.5033822936
1513	0.5033822936
1514	0.5034201904
1515	0.5035149322
1516	0.5034959838
1517	0.5034959838
1518	0.5034770355
1519	0.5034770355
1520	0.5035528289
1521	0.5034770355
1522	0.5035338806
1523	0.5035907257
1524	0.5035338806
1525	0.5035149322
1526	0.5034770355
1527	0.5034959838
1528	0.5034580871
1529	0.5034580871
1530	0.5034580871
1531	0.5035717773
1532	0.5035717773
1533	0.5035149322
1534	0.5035149322
1535	0.5035338806
1536	0.5035149322
1537	0.5034770355
1538	0.5034770355
1539	0.503609674
1540	0.5035907257
1541	0.5035907257
1542	0.5035907257
1543	0.5035338806
1544	0.5035338806
1545	0.5035338806
1546	0.5035338806
1547	0.5035717773
1548	0.5035717773
1549	0.5035907257
1550	0.5035907257
1551	0.5036475708
1552	0.503609674
1553	0.5036475708
1554	0.5036475708
1555	0.503609674
1556	0.5035907257
1557	0.5035907257
1558	0.5035907257
1559	0.5035907257
1560	0.5035149322
1561	0.5035149322
1562	0.5035149322
1563	0.5034959838
1564	0.5035528289
1565	0.5035149322
1566	0.5035338806
1567	0.5035717773
1568	0.5035338806
1569	0.5034580871
1570	0.5033633453
1571	0.5033633453
1572	0.5034580871
1573	0.5034959838
1574	0.5034959838
1575	0.5034959838
1576	0.5034959838
1577	0.5034959838
1578	0.5034770355
1579	0.5034391387
1580	0.5034770355
1581	0.503401242
1582	0.5034391387
1583	0.5034580871
1584	0.5033443969
1585	0.5033254485
1586	0.5033633453
1587	0.5033443969
1588	0.5033254485
1589	0.503401242
1590	0.5033443969
1591	0.5033443969
1592	0.5033822936
1593	0.5033822936
1594	0.5033443969
1595	0.5033443969
1596	0.5033633453
1597	0.5033633453
1598	0.5034201904
1599	0.5033633453
1600	0.5033633453
1601	0.5034201904
1602	0.5034770355
1603	0.503401242
1604	0.5033822936
1605	0.5033822936
1606	0.5033822936
1607	0.5033822936
1608	0.5034770355
1609	0.5034770355
1610	0.5034770355
1611	0.5034959838
1612	0.5034770355
1613	0.5034959838
1614	0.5034959838
1615	0.5034770355
1616	0.5034770355
1617	0.5034959838
1618	0.5034959838
1619	0.5034391387
1620	0.5034959838
1621	0.5034959838
1622	0.5035149322
1623	0.5035149322
1624	0.5035528289
1625	0.5035149322
1626	0.5035149322
1627	0.5035149322
1628	0.5035528289
1629	0.5035149322
1630	0.5034959838
1631	0.5034959838
1632	0.5034959838
1633	0.5034959838
1634	0.5035338806
1635	0.5035338806
1636	0.5034959838
1637	0.5035338806
1638	0.5035528289
1639	0.5034770355
1640	0.5033633453
1641	0.5033443969
1642	0.5035149322
1643	0.5035149322
1644	0.5035149322
1645	0.5034580871
1646	0.5034580871
1647	0.5034391387
1648	0.5034580871
1649	0.5034580871
1650	0.5034580871
1651	0.5034770355
1652	0.5034770355
1653	0.5034201904
1654	0.5034201904
1655	0.5034201904
1656	0.5034391387
1657	0.5034201904
1658	0.5034201904
1659	0.5034959838
1660	0.5035149322
1661	0.5035149322
1662	0.5035149322
1663	0.5035528289
1664	0.5035528289
1665	0.5035528289
1666	0.5035528289
1667	0.503609674
1668	0.503609674
1669	0.503609674
1670	0.503609674
1671	0.503609674
1672	0.503609674
1673	0.5035907257
1674	0.503609674
1675	0.5035907257
1676	0.5035717773
1677	0.5035717773
1678	0.503609674
1679	0.503609674
1680	0.5035907257
1681	0.5035907257
1682	0.5035149322
1683	0.5035149322
1684	0.5035149322
1685	0.5035338806
1686	0.5035149322
1687	0.5034959838
1688	0.5035149322
1689	0.5034580871
1690	0.5034580871
1691	0.5034391387
1692	0.5034391387
1693	0.5034391387
1694	0.5034770355
1695	0.5035528289
1696	0.5035907257
1697	0.503609674
1698	0.5036286224
1699	0.5036286224
1700	0.5035717773
1701	0.5035528289
1702	0.5036286224
1703	0.5036286224
1704	0.5036286224
1705	0.503609674
1706	0.5036665191
1707	0.5036665191
1708	0.5036665191
1709	0.5036665191
1710	0.503609674
1711	0.5036475708
1712	0.5036665191
1713	0.503609674
1714	0.503609674
1715	0.5036665191
1716	0.5036286224
1717	0.503609674
1718	0.5035907257
1719	0.5035717773
1720	0.5035528289
1721	0.5035528289
1722	0.5035528289
1723	0.5035717773
1724	0.5035149322
1725	0.5035149322
1726	0.5035149322
1727	0.5035149322
1728	0.503609674
1729	0.5035528289
1730	0.5035717773
1731	0.5035907257
1732	0.5035907257
1733	0.5035528289
1734	0.5035907257
1735	0.5035907257
1736	0.5035907257
1737	0.5034959838
1738	0.5035338806
1739	0.5034580871
1740	0.5035149322
1741	0.5035717773
1742	0.5035717773
1743	0.5035528289
1744	0.5035717773
1745	0.5035149322
1746	0.5034959839
1747	0.5035528289
1748	0.5035528289
1749	0.5035528289
1750	0.5035528289
1751	0.5034580871
1752	0.5034770355
1753	0.5034391387
1754	0.5034391387
1755	0.5034959838
1756	0.5034959838
1757	0.5034391387
1758	0.5034770355
1759	0.5034391387
1760	0.5033822937
1761	0.5033822937
1762	0.5033822937
1763	0.5033822937
1764	0.5034201904
1765	0.5033633453
1766	0.5034201904
1767	0.5034391387
1768	0.5034959838
1769	0.5034959838
1770	0.5034959838
1771	0.5034959838
1772	0.5034959838
1773	0.5034770355
1774	0.5034959838
1775	0.5035149322
1776	0.5035149322
1777	0.5035149322
1778	0.5034959838
1779	0.5035149322
1780	0.5034391387
1781	0.5035149322
1782	0.5035149322
1783	0.5035149322
1784	0.5035338806
1785	0.503609674
1786	0.5036665191
1787	0.5036665191
1788	0.503609674
1789	0.503609674
1790	0.503609674
1791	0.5036665191
1792	0.5035338806
1793	0.5036665191
1794	0.5037233642
1795	0.5037044159
1796	0.5037802093
1797	0.5037802093
1798	0.503761261
1799	0.5037233642
1800	0.5037233642
1801	0.503609674
1802	0.5036665191
1803	0.5035907257
1804	0.503609674
1805	0.5035717773
1806	0.503609674
1807	0.503609674
1808	0.5035717773
1809	0.5035717773
1810	0.5035717773
1811	0.503609674
1812	0.503609674
1813	0.503609674
1814	0.5035528289
1815	0.5035528289
1816	0.5035338806
1817	0.5034959838
1818	0.5034959838
1819	0.5034959838
1820	0.5035528289
1821	0.5035717773
1822	0.5035528289
1823	0.503609674
1824	0.503609674
1825	0.5035528289
1826	0.5035907257
1827	0.5035528289
1828	0.5035528289
1829	0.5035717773
1830	0.5035528289
1831	0.5034580871
1832	0.5036286224
1833	0.5035338806
1834	0.5035528289
1835	0.5035528289
1836	0.5035528289
1837	0.5035528289
1838	0.5035149322
1839	0.5035149322
1840	0.5035717773
1841	0.5035149322
1842	0.503609674
1843	0.5035528289
1844	0.5035528289
1845	0.5035528289
1846	0.5035149322
1847	0.5035907257
1848	0.5036475708
1849	0.503609674
1850	0.5036665191
1851	0.5035907257
1852	0.5036475708
1853	0.503609674
1854	0.5036286224
1855	0.503609674
1856	0.5037233642
1857	0.5036475708
1858	0.5036475708
1859	0.5036665191
1860	0.503609674
1861	0.5036475708
1862	0.503609674
1863	0.503609674
1864	0.5035528289
1865	0.5035338806
1866	0.5035338806
1867	0.5034959838
1868	0.5035149322
1869	0.5035528289
1870	0.5035149322
1871	0.5035717773
1872	0.503609674
1873	0.5035717773
1874	0.5035717773
1875	0.5035717773
1876	0.5035717773
1877	0.5035907257
1878	0.503609674
1879	0.503609674
1880	0.5036854675
1881	0.5036286224
1882	0.5036475708
1883	0.5036286224
1884	0.5036286224
1885	0.5036286224
1886	0.5036286224
1887	0.5036286224
1888	0.5036286224
1889	0.503609674
1890	0.5035907257
1891	0.5035717773
1892	0.5035717773
1893	0.5035717773
1894	0.5035717773
1895	0.5035717773
1896	0.503609674
1897	0.5035149322
1898	0.5035149322
1899	0.5035149322
1900	0.503609674
1901	0.5036286224
1902	0.5035717773
1903	0.5035528289
1904	0.5035528289
1905	0.5035528289
1906	0.5035528289
1907	0.5035528289
1908	0.5034959838
1909	0.5034770355
1910	0.5034959838
1911	0.5035717773
1912	0.5035717773
1913	0.5035717773
1914	0.5035717773
1915	0.5035717773
1916	0.5035717773
1917	0.5035528289
1918	0.5035528289
1919	0.5035528289
1920	0.5034580871
1921	0.5034580871
1922	0.5034580871
1923	0.5034959838
1924	0.5034959838
1925	0.5034959838
1926	0.5035338806
1927	0.5034770355
1928	0.5035338806
1929	0.5035338806
1930	0.5035338806
1931	0.5035338806
1932	0.5035149322
1933	0.5035149322
1934	0.5035149322
1935	0.5034580871
1936	0.5034580871
1937	0.5035338806
1938	0.5035338806
1939	0.5035338806
1940	0.5034391387
1941	0.5034580871
1942	0.5034580871
1943	0.5034959838
1944	0.5035338806
1945	0.5036286224
1946	0.5035528289
1947	0.5035528289
1948	0.5034959838
1949	0.5035149322
1950	0.5034770355
1951	0.5034770355
1952	0.5034770355
1953	0.5034391387
1954	0.5033443969
1955	0.5033254485
1956	0.5033443969
1957	0.5033443969
1958	0.503401242
1959	0.503401242
1960	0.503401242
1961	0.503401242
1962	0.5033633453
1963	0.5033633453
1964	0.5033443969
1965	0.5033254485
1966	0.503401242
1967	0.5033822936
1968	0.5033822936
1969	0.5033822936
1970	0.5033822936
1971	0.5033443969
1972	0.5033443969
1973	0.5033443969
1974	0.5032496551
1975	0.5032496551
1976	0.5031738616
1977	0.50319281
1978	0.5032307067
1979	0.5032307067
1980	0.5032875518
1981	0.5033254485
1982	0.5033443969
1983	0.5033443969
1984	0.5033443969
1985	0.5032686034
1986	0.5032117583
1987	0.5032307067
1988	0.5032496551
1989	0.5032496551
1990	0.50319281
1991	0.50319281
1992	0.5032496551
1993	0.5032117583
1994	0.5032117583
1995	0.5031738616
1996	0.5031738616
1997	0.5031738616
1998	0.5031738616
1999	0.5032117583
2000	0.5032686034
2001	0.5032117583
2002	0.50319281
2003	0.5032496551
2004	0.5032307067
2005	0.5032307067
2006	0.5032117583
2007	0.5032686034
2008	0.5032686034
2009	0.5033065002
2010	0.5033065002
2011	0.5032875518
2012	0.5032875518
2013	0.5032875518
2014	0.5033254485
2015	0.5033822936
2016	0.5033822936
2017	0.5033822936
2018	0.5034201904
2019	0.503401242
2020	0.5032117583
2021	0.5032875518
2022	0.5032875518
2023	0.5032875518
2024	0.5033254485
2025	0.5032875518
2026	0.5032875518
2027	0.503401242
2028	0.5034201904
2029	0.5034201904
2030	0.5034201904
2031	0.5035338806
2032	0.5036475708
2033	0.5036475708
2034	0.503609674
2035	0.5036475708
2036	0.503609674
2037	0.503609674
2038	0.503609674
2039	0.5035717773
2040	0.5035717773
2041	0.503609674
2042	0.5035717773
2043	0.5035717773
2044	0.5035717773
2045	0.5035528289
2046	0.5035338806
2047	0.5035338806
2048	0.5036665191
2049	0.503609674
2050	0.503609674
2051	0.5035717773
2052	0.5035907257
2053	0.5036286224
2054	0.5036286224
2055	0.5035907257
2056	0.5035717773
2057	0.5035907257
2058	0.5036475708
2059	0.503609674
2060	0.5036475708
2061	0.5036475708
2062	0.5037423126
2063	0.5037423126
2064	0.5037423126
2065	0.5037612609
2066	0.5036475708
2067	0.5037044159
2068	0.5037044159
2069	0.5037233642
2070	0.5037233642
2071	0.5037233642
2072	0.5037233642
2073	0.5037802093
2074	0.5037802093
2075	0.5037802093
2076	0.5037423126
2077	0.5036475707
2078	0.5036475707
2079	0.5036475707
2080	0.503609674
2081	0.503609674
2082	0.503609674
2083	0.5035907257
2084	0.5036286224
2085	0.5036286224
2086	0.5036286224
2087	0.5036286224
2088	0.5036475708
2089	0.5036475708
2090	0.5036475708
2091	0.5036475708
2092	0.5036475708
2093	0.5036475708
2094	0.5037044159
2095	0.5037612609
2096	0.5037233642
2097	0.5037423126
2098	0.5036854675
2099	0.5037233642
2100	0.5037802093
2101	0.5036665191
2102	0.5036665191
2103	0.5037233642
2104	0.5037423126
2105	0.5037802093
2106	0.5037802093
2107	0.5037802093
2108	0.5037802093
2109	0.5037991577
2110	0.5036854675
2111	0.5036854675
2112	0.5037802093
2113	0.5037802093
2114	0.5038370544
2115	0.5037991577
2116	0.5037233642
2117	0.5038370544
2118	0.5038370544
2119	0.5038370544
2120	0.5038938995
2121	0.5038370544
2122	0.5038370544
2123	0.5038370544
2124	0.5038370544
2125	0.5038370544
2126	0.5038938995
2127	0.503969693
2128	0.5039317962
2129	0.5039128479
2130	0.5039128479
2131	0.5039128479
2132	0.5039507446
2133	0.5039507446
2134	0.5039507446
2135	0.5039507446
2136	0.5039886413
2137	0.5040265381
2138	0.503969693
2139	0.503969693
2140	0.503969693
2141	0.5039317962
2142	0.5039507446
2143	0.5039886413
2144	0.503969693
2145	0.5040075897
2146	0.5040075897
2147	0.5040644348
2148	0.5041023315
2149	0.5040833832
2150	0.5040833832
2151	0.5040833832
2152	0.5040454864
2153	0.5040454864
2154	0.5040075897
2155	0.5040644348
2156	0.5040644348
2157	0.5040075897
2158	0.5039507446
2159	0.5040454864
2160	0.5040265381
2161	0.503969693
2162	0.5040644348
2163	0.5041402283
2164	0.5041402283
2165	0.5041402283
2166	0.5041402283
2167	0.5041970734
2168	0.5041970734
2169	0.5041970734
2170	0.5041970734
2171	0.5041970734
2172	0.5041591766
2173	0.5041591766
2174	0.5041591766
2175	0.5041023315
2176	0.5041591766
2177	0.5041591766
2178	0.504178125
2179	0.504178125
2180	0.504178125
2181	0.504178125
2182	0.504178125
2183	0.504178125
2184	0.504178125
2185	0.504178125
2186	0.504178125
2187	0.504178125
2188	0.504178125
2189	0.5042349701
2190	0.5042349701
2191	0.5042349701
2192	0.5042539185
2193	0.5042539185
2194	0.5042728668
2195	0.5042160217
2196	0.5042728668
2197	0.5042728668
2198	0.5042728668
2199	0.5042728668
2200	0.5042160217
2201	0.5042539185
2202	0.5042539185
2203	0.5043297119
2204	0.5044244538
2205	0.5043297119
2206	0.5043676087
2207	0.5043676087
2208	0.5043676087
2209	0.5044244538
2210	0.5043676087
2211	0.5044244538
2212	0.5043486603
2213	0.5043486603
2214	0.5043676087
2215	0.5043297119
2216	0.5043297119
2217	0.5043297119
2218	0.5043486603
2219	0.5042918152
2220	0.5042160217
2221	0.5042160217
2222	0.5042728668
2223	0.5043297119
2224	0.5043297119
2225	0.5043297119
2226	0.5043486603
2227	0.5043676087
2228	0.5043676087
2229	0.5043297119
2230	0.5043297119
2231	0.5044244538
2232	0.5044055054
2233	0.5044055054
2234	0.5044055054
2235	0.5043486603
2236	0.5043107636
2237	0.5043107636
2238	0.5042728668
2239	0.5043107636
2240	0.5043107636
2241	0.5043107636
2242	0.5042918152
2243	0.5042349701
2244	0.5042539185
2245	0.5042349701
2246	0.5042160217
2247	0.5042539185
2248	0.5042539185
2249	0.5043107636
2250	0.5043107636
2251	0.5043297119
2252	0.5043297119
2253	0.5043107636
2254	0.5043107636
2255	0.5042160217
2256	0.5043486603
2257	0.5043297119
2258	0.5043486603
2259	0.504386557
2260	0.5043486603
2261	0.5043297119
2262	0.5043486603
2263	0.5043676087
2264	0.5044055054
2265	0.5044055054
2266	0.5044244538
2267	0.5044434021
2268	0.5044623505
2269	0.5045191956
2270	0.5045570923
2271	0.5045570923
2272	0.5045570923
2273	0.5045760407
2274	0.5045760407
2275	0.5046139374
2276	0.504594989
2277	0.5046139374
2278	0.504594989
2279	0.504594989
2280	0.504594989
2281	0.5046139374
2282	0.5045570923
2283	0.5045381439
2284	0.5045381439
2285	0.5045191956
2286	0.5045570923
2287	0.5045760407
2288	0.5045760407
2289	0.5045760407
2290	0.504594989
2291	0.5046139374
2292	0.5046707825
2293	0.5046328858
2294	0.5045191956
2295	0.5045191956
2296	0.5046139374
2297	0.5046139374
2298	0.5045760407
2299	0.5045570923
2300	0.5045381439
2301	0.5045381439
2302	0.504594989
2303	0.504594989
2304	0.5046139374
2305	0.5046139374
2306	0.5045381439
2307	0.5045570923
2308	0.5045570923
2309	0.5045570923
2310	0.5045760407
2311	0.5046139374
2312	0.5045760407
2313	0.5045760407
2314	0.5045002472
2315	0.5044623505
2316	0.5044623505
2317	0.5044434021
2318	0.5045002472
2319	0.5045002472
2320	0.5045002472
2321	0.5044812989
2322	0.5044623505
2323	0.5044434021
2324	0.5044623505
2325	0.5044812989
2326	0.5045002472
2327	0.5045570923
2328	0.5045570923
2329	0.504538144
2330	0.5045002472
2331	0.5045002472
2332	0.5045002472
2333	0.5046328858
2334	0.5045570923
2335	0.5045570923
2336	0.5046328858
2337	0.5046328858
2338	0.504594989
2339	0.5045760407
2340	0.5045760407
2341	0.504594989
2342	0.5046518341
2343	0.5045949891
2344	0.504538144
2345	0.504538144
2346	0.504538144
2347	0.504594989
2348	0.5046897309
2349	0.5046518342
2350	0.5046139374
2351	0.5045949891
2352	0.5045760407
2353	0.5046139374
2354	0.504538144
2355	0.504538144
2356	0.5046139374
2357	0.5046139374
2358	0.5046139374
2359	0.5046328858
2360	0.504594989
2361	0.504594989
2362	0.5045760407
2363	0.504538144
2364	0.5045760407
2365	0.5046328858
2366	0.5046328858
2367	0.5046328858
2368	0.5046328858
2369	0.5045760407
2370	0.5046139374
2371	0.5045191956
2372	0.5045191956
2373	0.504538144
2374	0.5045570923
2375	0.504538144
2376	0.5045760407
2377	0.5045191956
2378	0.504594989
2379	0.504594989
2380	0.5045760407
2381	0.5046139374
2382	0.5045760407
2383	0.5045570923
2384	0.504538144
2385	0.5045191956
2386	0.5045191956
2387	0.5045760407
2388	0.5046328858
2389	0.5046518342
2390	0.5046328858
2391	0.5046518342
2392	0.5046328858
2393	0.5046328858
2394	0.5046518342
2395	0.5046518342
2396	0.5046139374
2397	0.5046139374
2398	0.5045760407
2399	0.504538144
2400	0.5045191956
2401	0.5045949891
2402	0.5046139374
2403	0.5046139374
2404	0.5045570923
2405	0.504538144
2406	0.504538144
2407	0.504538144
2408	0.504538144
2409	0.504538144
2410	0.5045949891
2411	0.5046139374
2412	0.5046139374
2413	0.5046139374
2414	0.5046139374
2415	0.5046139374
2416	0.5046139374
2417	0.5046139374
2418	0.5046139374
2419	0.5046518342
2420	0.5046518342
2421	0.5046518342
2422	0.5047086793
2423	0.5047844727
2424	0.5047276276
2425	0.5047276276
2426	0.5047276276
2427	0.5047276276
2428	0.5047276276
2429	0.5047276276
2430	0.5046897309
2431	0.5047086793
2432	0.5046897309
2433	0.5046897309
2434	0.5046897309
2435	0.5046707825
2436	0.5046518342
2437	0.5046707825
2438	0.5047276276
2439	0.5047276276
2440	0.504746576
2441	0.504746576
2442	0.5047276276
2443	0.504746576
2444	0.504746576
2445	0.504746576
2446	0.5047276276
2447	0.5047276276
2448	0.5047086793
2449	0.5047086793
2450	0.5046897309
2451	0.5046897309
2452	0.5046518342
2453	0.5046518342
2454	0.5046518342
2455	0.5046707825
2456	0.5046518342
2457	0.5045949891
2458	0.5046518342
2459	0.5046518342
2460	0.5046518342
2461	0.5046328858
2462	0.5047086793
2463	0.5047086793
2464	0.5046707825
2465	0.5047086793
2466	0.5047086793
2467	0.5047086793
2468	0.5046518342
2469	0.5046897309
2470	0.5046518342
2471	0.5046897309
2472	0.5046897309
2473	0.5046897309
2474	0.5046897309
2475	0.5046328858
2476	0.5046707825
2477	0.5046328858
2478	0.5046518342
2479	0.5046897309
2480	0.5046897309
2481	0.5046897309
2482	0.5047086792
2483	0.5047086792
2484	0.5047086792
2485	0.5046328858
2486	0.5046518341
2487	0.5046328858
2488	0.5046518342
2489	0.5046518342
2490	0.5046518342
2491	0.5046897309
2492	0.5046897309
2493	0.5046897309
2494	0.5046139374
2495	0.5046707825
2496	0.5047086793
2497	0.5047086793
2498	0.5047086793
2499	0.5047086793
2500	0.5047086793
2501	0.5047086793
2502	0.5047276276
2503	0.5047276276
2504	0.5047276276
2505	0.5047086793
2506	0.5047276276
2507	0.5047276276
2508	0.5047276276
2509	0.5046707825
2510	0.5046707825
2511	0.5046707825
2512	0.5046707825
2513	0.5046707825
2514	0.5046707825
2515	0.5046707825
2516	0.5046328858
2517	0.5046707825
2518	0.5046707825
2519	0.5047086792
2520	0.504746576
2521	0.5047655243
2522	0.5048413178
2523	0.5047844727
2524	0.5047844727
2525	0.5048413178
2526	0.5048413178
2527	0.5048413178
2528	0.5047844727
2529	0.5048034211
2530	0.5047844727
2531	0.5047844727
2532	0.5047844727
2533	0.5047655243
2534	0.5047655243
2535	0.5047655243
2536	0.5047844727
2537	0.5047844727
2538	0.5047655243
2539	0.5047655243
2540	0.5047655243
2541	0.504746576
2542	0.5047844727
2543	0.5048034211
2544	0.5047844727
2545	0.5047844727
2546	0.5047844727
2547	0.5047844727
2548	0.5047844727
2549	0.5047276276
2550	0.5047276276
2551	0.5047276276
2552	0.5047276276
2553	0.504746576
2554	0.504746576
2555	0.504746576
2556	0.504746576
2557	0.5047844727
2558	0.5047844727
2559	0.5047844727
2560	0.5047844727
2561	0.5047844727
2562	0.5047844727
2563	0.5048034211
2564	0.5048034211
2565	0.5047655243
2566	0.5047844727
2567	0.5047276276
2568	0.5047086792
2569	0.504746576
2570	0.5047655243
2571	0.5047276276
2572	0.5047276276
2573	0.5047276276
2574	0.5047276276
2575	0.5047276276
2576	0.5047276276
2577	0.5047276276
2578	0.5046897309
2579	0.5046897309
2580	0.5046328858
2581	0.5046328858
2582	0.5046328858
2583	0.5046707825
2584	0.5047276276
2585	0.5047276276
2586	0.5048034211
2587	0.5048034211
2588	0.5048034211
2589	0.5048034211
2590	0.5048034211
2591	0.5047655243
2592	0.5047655243
2593	0.5047655243
2594	0.5048034211
2595	0.5047655243
2596	0.5048034211
2597	0.5048602662
2598	0.5047844727
2599	0.5048223694
2600	0.5048223694
2601	0.5048223694
2602	0.5048223694
2603	0.5048602662
2604	0.5047844727
2605	0.5047844727
2606	0.5047844727
2607	0.5048034211
2608	0.5048034211
2609	0.5048602662
2610	0.5047844727
2611	0.5047276276
2612	0.5047276276
2613	0.5046897309
2614	0.5046897309
2615	0.5046897309
2616	0.5046707825
2617	0.504594989
2618	0.504594989
2619	0.5045760407
2620	0.504594989
2621	0.504594989
2622	0.5046139374
2623	0.504594989
2624	0.5045760407
2625	0.5045760407
2626	0.5045760407
2627	0.5045760407
2628	0.5045760407
2629	0.5045760407
2630	0.5046518341
2631	0.5045570923
2632	0.5045002472
2633	0.5045002472
2634	0.5045002472
2635	0.5044812988
2636	0.5045002472
2637	0.5044434021
2638	0.5044434021
2639	0.5044434021
2640	0.5044812989
2641	0.5044812989
2642	0.5044812989
2643	0.5044812989
2644	0.5044623505
2645	0.5044623505
2646	0.5045191956
2647	0.5045191956
2648	0.504594989
2649	0.5046707825
2650	0.5046707825
2651	0.504746576
2652	0.504746576
2653	0.504746576
2654	0.5047655243
2655	0.5047086792
2656	0.5045760407
2657	0.5046518341
2658	0.5046518341
2659	0.504594989
2660	0.5046707825
2661	0.5046518341
2662	0.5046707825
2663	0.5047086792
2664	0.5046897309
2665	0.5046897309
2666	0.5046707825
2667	0.5046139374
2668	0.5046328858
2669	0.5046328858
2670	0.5047276276
2671	0.5047276276
2672	0.5047276276
2673	0.5047276276
2674	0.5047276276
2675	0.5047276276
2676	0.5047086792
2677	0.5046518341
2678	0.5046518341
2679	0.5046328858
2680	0.5046328858
2681	0.5046328858
2682	0.5046328858
2683	0.5046139374
2684	0.5046328858
2685	0.5045760407
2686	0.5046139374
2687	0.5046139374
2688	0.5046139374
2689	0.5046518341
2690	0.5046518341
2691	0.5046897309
2692	0.5047276276
2693	0.5047276276
2694	0.504746576
2695	0.5047844727
2696	0.5047844727
2697	0.504746576
2698	0.504746576
2699	0.5046897309
2700	0.5046897309
2701	0.5046897309
2702	0.5046897309
2703	0.5046897309
2704	0.5046897309
2705	0.5046897309
2706	0.5046897309
2707	0.5048413178
2708	0.5048981629
2709	0.5048981629
2710	0.5048413178
2711	0.5048981629
2712	0.5048981629
2713	0.5049171113
2714	0.5049171113
2715	0.5048981629
2716	0.5049360596
2717	0.504955008
2718	0.5049360596
2719	0.5049360596
2720	0.5049360596
2721	0.504955008
2722	0.5049739564
2723	0.5049360596
2724	0.5049360596
2725	0.5049360596
2726	0.5049929047
2727	0.5050118531
2728	0.504955008
2729	0.5050118531
2730	0.5049739564
2731	0.5049739564
2732	0.504955008
2733	0.5050118531
2734	0.5050118531
2735	0.5050308015
2736	0.5049929047
2737	0.5049929047
2738	0.504955008
2739	0.5049929047
2740	0.5049360596
2741	0.5049360596
2742	0.5049360596
2743	0.5049360596
2744	0.5050118531
2745	0.5050118531
2746	0.5050118531
2747	0.5050118531
2748	0.5050118531
2749	0.5050118531
2750	0.5050118531
2751	0.5050308015
2752	0.5050308015
2753	0.5050308015
2754	0.5050308015
2755	0.5050118531
2756	0.5050686982
2757	0.5049929047
2758	0.5050497498
2759	0.5050497498
2760	0.5050118531
2761	0.504955008
2762	0.5049739564
2763	0.5049739564
2764	0.5049739564
2765	0.5049739564
2766	0.5049929047
2767	0.5049929047
2768	0.5049929047
2769	0.5049739564
2770	0.5049171113
2771	0.5049171113
2772	0.5049739564
2773	0.5049739564
2774	0.5049739564
2775	0.5050308015
2776	0.5050118531
2777	0.5050118531
2778	0.5050497498
2779	0.5051255433
2780	0.5050876466
2781	0.5050876466
2782	0.5050686982
2783	0.5050497498
2784	0.5050686982
2785	0.5051255433
2786	0.5051255433
2787	0.5051255433
2788	0.5051255433
2789	0.5050686982
2790	0.5051255433
2791	0.5050308015
2792	0.5050686982
2793	0.5051255433
2794	0.5050308015
2795	0.5050308015
2796	0.5049929047
2797	0.5049929047
2798	0.5049929047
2799	0.5050876466
2800	0.5051065949
2801	0.5051065949
2802	0.5050876466
2803	0.5051255433
2804	0.5050876466
2805	0.5050876466
2806	0.5050497498
2807	0.5050876466
2808	0.5051823884
2809	0.5050308015
2810	0.5050308015
2811	0.5051065949
2812	0.5050118531
2813	0.5050118531
2814	0.5050118531
2815	0.5050118531
2816	0.5049739564
2817	0.5049360596
2818	0.5049360596
2819	0.5050118531
2820	0.5050308015
2821	0.5050118531
2822	0.5050118531
2823	0.5050118531
2824	0.5050497498
2825	0.5049739564
2826	0.5050118531
2827	0.5049739564
2828	0.5049739564
2829	0.5050118531
2830	0.5050497498
2831	0.5050497498
2832	0.5050497498
2833	0.5050118531
2834	0.5050118531
2835	0.504955008
2836	0.5049739564
2837	0.5049739564
2838	0.5049739564
2839	0.5049739564
2840	0.5049739564
2841	0.5049929047
2842	0.504955008
2843	0.504955008
2844	0.504955008
2845	0.5048602662
2846	0.5048981629
2847	0.5049360596
2848	0.5049360596
2849	0.5049360596
2850	0.5049739564
2851	0.5048981629
2852	0.5048981629
2853	0.5048981629
2854	0.5049360596
2855	0.5049360596
2856	0.5048792145
2857	0.5048792145
2858	0.5048981629
2859	0.5048981629
2860	0.504955008
2861	0.5048981629
2862	0.5048981629
2863	0.5048223694
2864	0.5048792145
2865	0.5048792145
2866	0.5048792145
2867	0.5049360596
2868	0.5048981629
2869	0.5048981629
2870	0.5048981629
2871	0.5048413178
2872	0.5048413178
2873	0.5048413178
2874	0.5048981629
2875	0.5049171113
2876	0.5048981629
2877	0.5049171113
2878	0.504955008
2879	0.504955008
2880	0.504955008
2881	0.5048792145
2882	0.5048792145
2883	0.5049171113
2884	0.504955008
2885	0.504955008
2886	0.504955008
2887	0.5050497498
2888	0.5050497498
2889	0.5050497498
2890	0.5050497498
2891	0.5049739564
2892	0.5050118531
2893	0.5050118531
2894	0.504955008
2895	0.504955008
2896	0.5050118531
2897	0.5050876466
2898	0.5050876466
2899	0.5050876466
2900	0.5050876466
2901	0.5050876466
2902	0.5050118531
2903	0.5050118531
2904	0.5050497498
2905	0.5050118531
2906	0.5050118531
2907	0.5050118531
2908	0.5050118531
2909	0.5049929047
2910	0.5049929047
2911	0.5049929047
2912	0.5049929047
2913	0.5049929047
2914	0.5050118531
2915	0.5050308015
2916	0.5050308015
2917	0.5050308015
2918	0.5050308015
2919	0.5050308015
2920	0.5050308015
2921	0.5050308015
2922	0.5050308015
2923	0.5050308015
2924	0.5050308015
2925	0.5050308015
2926	0.5050686982
2927	0.5050686982
2928	0.5050876466
2929	0.5050497498
2930	0.5050497498
2931	0.5050308015
2932	0.5050308015
2933	0.5050497498
2934	0.5050497498
2935	0.5050308015
2936	0.5050308015
2937	0.5050497498
2938	0.5050497498
2939	0.5050497498
2940	0.5050497498
2941	0.5050497498
2942	0.5050308015
2943	0.5050118531
2944	0.5050876466
2945	0.5050876466
2946	0.5050876466
2947	0.5050686982
2948	0.5050686982
2949	0.5050686982
2950	0.5050686982
2951	0.5050686982
2952	0.5050686982
2953	0.5050308015
2954	0.5050686982
2955	0.5050686982
2956	0.5050686982
2957	0.5050686982
2958	0.5050686982
2959	0.5050686982
2960	0.5050686982
2961	0.5050686982
2962	0.5050686982
2963	0.5050686982
2964	0.5050308015
2965	0.5050497498
2966	0.5050308015
2967	0.5050497498
2968	0.5050497498
2969	0.5050497498
2970	0.5050497498
2971	0.5050497498
2972	0.5050497498
2973	0.5050686982
2974	0.5050686982
2975	0.5050686982
2976	0.5050686982
2977	0.5050686982
2978	0.5050686982
2979	0.5050876465
2980	0.5051065949
2981	0.5051065949
2982	0.5051823884
2983	0.5050497498
2984	0.5051065949
2985	0.5050686982
2986	0.5050876465
2987	0.5050876465
2988	0.5051065949
2989	0.5052013367
2990	0.5051444916
2991	0.5052013367
2992	0.5051444916
2993	0.5051444916
2994	0.5051444916
2995	0.5051444916
2996	0.5050686982
2997	0.5051444916
2998	0.5051444916
2999	0.5051444916
3000	0.5051444916
3001	0.5051444916
3002	0.5051823884
3003	0.5051823884
3004	0.5051823884
3005	0.5052202851
3006	0.5053150269
3007	0.5052581818
3008	0.5052392335
3009	0.5052392335
3010	0.5052392335
3011	0.5052392335
3012	0.5052202851
3013	0.5052202851
3014	0.5052013367
3015	0.5052013367
3016	0.5052392335
3017	0.5052392335
3018	0.5053150269
3019	0.5052960786
3020	0.5052960786
3021	0.5052960786
3022	0.5052960786
3023	0.5052960786
3024	0.5052960786
3025	0.5052581818
3026	0.5052581818
3027	0.5052581818
3028	0.5052581818
3029	0.5052581818
3030	0.5052202851
3031	0.5052202851
3032	0.5052202851
3033	0.5052013367
3034	0.5052013367
3035	0.5052392335
3036	0.5052392335
3037	0.5052392335
3038	0.5052392335
3039	0.5052581818
3040	0.5052771302
3041	0.5052771302
3042	0.5052771302
3043	0.5052771302
3044	0.5052581818
3045	0.5052581818
3046	0.5052581818
3047	0.5052581818
3048	0.5052581818
3049	0.5052581818
3050	0.5052392335
3051	0.5052392335
3052	0.5052581818
3053	0.5052581818
3054	0.5052581818
3055	0.5052581818
3056	0.5052581818
3057	0.5052581818
3058	0.5052771302
3059	0.5052771302
3060	0.5052771302
3061	0.5052771302
3062	0.5052581818
3063	0.5052771302
3064	0.5052771302
3065	0.5052771302
3066	0.5052771302
3067	0.5052771302
3068	0.5052771302
3069	0.5052771302
3070	0.5052771302
3071	0.5052771302
3072	0.5052581818
3073	0.5052581818
3074	0.5052392335
3075	0.5052581818
3076	0.5052581818
3077	0.5052581818
3078	0.5052581818
3079	0.5052581818
3080	0.5052581818
3081	0.5052771302
3082	0.5052771302
3083	0.5052960786
3084	0.5052771302
3085	0.5052960786
3086	0.5052960786
3087	0.5052960786
3088	0.5052960786
3089	0.5052771302
3090	0.5052581818
3091	0.5052581818
3092	0.5052013367
3093	0.5052013367
3094	0.5052013367
3095	0.5052202851
3096	0.5052392335
3097	0.5052392335
3098	0.5052392335
3099	0.5052392335
3100	0.5052202851
3101	0.5052202851
3102	0.5052581818
3103	0.5052392335
3104	0.5052392335
3105	0.5052581818
3106	0.5052771302
3107	0.5052771302
3108	0.5052960786
3109	0.5052771302
3110	0.5052771302
3111	0.5052771302
3112	0.5052771302
3113	0.5052771302
3114	0.5052202851
3115	0.5052581818
3116	0.5052202851
3117	0.5052202851
3118	0.50516344
3119	0.50516344
3120	0.5052392335
3121	0.5052771302
3122	0.5053150269
3123	0.5053150269
3124	0.5052392335
3125	0.5052960786
3126	0.5053529237
3127	0.5053150269
3128	0.5052771302
3129	0.5052771302
3130	0.5052960786
3131	0.5053150269
3132	0.5053150269
3133	0.5052581818
3134	0.5052202851
3135	0.5051823884
3136	0.5052392335
3137	0.5052392335
3138	0.5052392335
3139	0.5052392335
3140	0.5052013367
3141	0.5052013367
3142	0.5051823884
3143	0.50516344
3144	0.50516344
3145	0.50516344
3146	0.5052202851
3147	0.5052202851
3148	0.5052392335
3149	0.5052960786
3150	0.5052960786
3151	0.5052960786
3152	0.5052581818
3153	0.5052581818
3154	0.5052392335
3155	0.5052202851
3156	0.5052202851
3157	0.5052771302
3158	0.5052771302
3159	0.5052771302
3160	0.5052771302
3161	0.5052771302
3162	0.5052771302
3163	0.5052392335
3164	0.5052013367
3165	0.5052202851
3166	0.5052392335
3167	0.5052392335
3168	0.5052202851
3169	0.5052202851
3170	0.5052202851
3171	0.5052013367
3172	0.5052013367
3173	0.5052013367
3174	0.5052013367
3175	0.5052202851
3176	0.5052202851
3177	0.5052392335
3178	0.5052581818
3179	0.5052581818
3180	0.5052392335
3181	0.5052581818
3182	0.5052581818
3183	0.5052960786
3184	0.5052960786
3185	0.5052960786
3186	0.5052392335
3187	0.5052581818
3188	0.5052581818
3189	0.5052202851
3190	0.5052581818
3191	0.5052960786
3192	0.5052771302
3193	0.5052771302
3194	0.5053339753
3195	0.5053339753
3196	0.5053339753
3197	0.5053150269
3198	0.5052960786
3199	0.5052960786
3200	0.5052960786
3201	0.5052960786
3202	0.5052960786
3203	0.5052960786
3204	0.5052960786
3205	0.5053339753
3206	0.5053339753
3207	0.5053908204
3208	0.5053908204
3209	0.5053908204
3210	0.5053908204
3211	0.5053908204
3212	0.5053908204
3213	0.5053529237
3214	0.5053529237
3215	0.5053529237
3216	0.5053529237
3217	0.5053908204
3218	0.5054097688
3219	0.5054097688
3220	0.5054287171
3221	0.5054097688
3222	0.5054097688
3223	0.5054097688
3224	0.5054097688
3225	0.5054287171
3226	0.5054476655
3227	0.5054476655
3228	0.5054476655
3229	0.5054855622
3230	0.5054855622
3231	0.5054855622
3232	0.5055045106
3233	0.5054476655
3234	0.5054476655
3235	0.5054476655
3236	0.5054287171
3237	0.5054287171
3238	0.5054287171
3239	0.5054287171
3240	0.5054476655
3241	0.5054287171
3242	0.5054287171
3243	0.5054097688
3244	0.5054097688
3245	0.5054287171
3246	0.5054097688
3247	0.5053908204
3248	0.505371872
3249	0.5053908204
3250	0.5054097688
3251	0.5054097688
3252	0.5054476655
3253	0.5054476655
3254	0.5054287171
3255	0.5054287171
3256	0.5053908204
3257	0.5054287171
3258	0.5054287171
3259	0.5054666139
3260	0.505523459
3261	0.5055613557
3262	0.5055613557
3263	0.5054855622
3264	0.5055424073
3265	0.5055613557
3266	0.5055613557
3267	0.5055613557
3268	0.5056560975
3269	0.5055803041
3270	0.5055424073
3271	0.5055424073
3272	0.5055424073
3273	0.5055424073
3274	0.5055992524
3275	0.5055803041
3276	0.5055613557
3277	0.5055613557
3278	0.5055613557
3279	0.5055613557
3280	0.5055613557
3281	0.5055992524
3282	0.5055992524
3283	0.5056560975
3284	0.5056560975
3285	0.5056371492
3286	0.5056371492
3287	0.5056750459
3288	0.5056939943
3289	0.5056750459
3290	0.5056750459
3291	0.5056750459
3292	0.5056750459
3293	0.5056371492
3294	0.5055992524
3295	0.5055992524
3296	0.5055992524
3297	0.5056560975
3298	0.5056182008
3299	0.5056371491
3300	0.5056371491
3301	0.5056939942
3302	0.505731891
3303	0.5057129426
3304	0.5057697877
3305	0.505731891
3306	0.5057129426
3307	0.5056182008
3308	0.5055992524
3309	0.5055992524
3310	0.5055992524
3311	0.5055992524
3312	0.5055992524
3313	0.5055613557
3314	0.5056182008
3315	0.5056182008
3316	0.5056560975
3317	0.5056560975
3318	0.5056560975
3319	0.5056560975
3320	0.5056560975
3321	0.5056750459
3322	0.5056182008
3323	0.5055992524
3324	0.5056560975
3325	0.505731891
3326	0.5057887361
3327	0.505731891
3328	0.505731891
3329	0.5058076844
3330	0.5058076844
3331	0.5058076844
3332	0.5059024263
3333	0.5059213746
3334	0.5059213746
3335	0.5059024263
3336	0.505940323
3337	0.5059024263
3338	0.5059024263
3339	0.5059213746
3340	0.5059024263
3341	0.5058834779
3342	0.5058834779
3343	0.5059213746
3344	0.5059213746
3345	0.5059213746
3346	0.5059213746
3347	0.5059592714
3348	0.5059592714
3349	0.5059592714
3350	0.5059592714
3351	0.5059592714
3352	0.5058645295
3353	0.5058455812
3354	0.5058455812
3355	0.5058834779
3356	0.5059024263
3357	0.5059024263
3358	0.5059213747
3359	0.5059213747
3360	0.5059213747
3361	0.5059213747
3362	0.5059213747
3363	0.5059782197
3364	0.5059782197
3365	0.5058645296
3366	0.5058645296
3367	0.5058455812
3368	0.505940323
3369	0.505940323
3370	0.505940323
3371	0.5059971681
3372	0.5059971681
3373	0.5059971681
3374	0.5060161165
3375	0.5060161165
3376	0.5060161165
3377	0.5060161165
3378	0.5059592714
3379	0.5059592714
3380	0.5059592714
3381	0.5059024263
3382	0.5058645296
3383	0.5058455812
3384	0.5058834779
3385	0.5058834779
3386	0.5059213746
3387	0.5059213746
3388	0.5059213746
3389	0.5059213746
3390	0.5059213746
3391	0.5059782197
3392	0.5059592714
3393	0.5059592714
3394	0.5059592714
3395	0.5059782197
3396	0.5059024263
3397	0.5059024263
3398	0.5059592714
3399	0.5059213746
3400	0.5059213746
3401	0.5059782197
3402	0.5059782197
3403	0.5059782197
3404	0.5059782197
3405	0.505940323
3406	0.5059971681
3407	0.5059971681
3408	0.505940323
3409	0.505940323
3410	0.5059213746
3411	0.5059213746
3412	0.5059592714
3413	0.5059592714
3414	0.505940323
3415	0.5059213746
3416	0.5059213746
3417	0.5058645295
3418	0.5059213746
3419	0.5059213746
3420	0.5058645295
3421	0.5058645295
3422	0.5059213746
3423	0.5059213746
3424	0.5058076844
3425	0.5057887361
3426	0.5058266328
3427	0.5058076844
3428	0.5059024263
3429	0.5059024263
3430	0.5059971681
3431	0.5059971681
3432	0.5059024263
3433	0.5059024263
3434	0.5059024263
3435	0.5059592714
3436	0.5059024263
3437	0.5059024263
3438	0.5059024263
3439	0.5059024263
3440	0.5059024263
3441	0.5059024263
3442	0.5059592714
3443	0.5060161165
3444	0.5059592714
3445	0.5059592714
3446	0.5059971681
3447	0.5059971681
3448	0.505940323
3449	0.505940323
3450	0.5059971681
3451	0.5059971681
3452	0.5059971681
3453	0.5059971681
3454	0.5059971681
3455	0.5059971681
3456	0.5059971681
3457	0.5059971681
3458	0.5059971681
3459	0.5059971681
3460	0.5059971681
3461	0.5059971681
3462	0.5059971681
3463	0.5059971681
3464	0.5059971681
3465	0.5060161165
3466	0.5060161165
3467	0.5060161165
3468	0.5060161165
3469	0.5060161165
3470	0.5060161165
3471	0.5060161165
3472	0.5060161165
3473	0.5060161165
3474	0.5060729616
3475	0.5061108583
3476	0.5060729616
3477	0.5060350648
3478	0.5060729616
3479	0.5060729616
3480	0.5060729616
3481	0.5060729616
3482	0.5060729616
3483	0.5060729616
3484	0.5060729616
3485	0.5060729616
3486	0.5060729616
3487	0.5060729616
3488	0.5060729616
3489	0.5060729616
3490	0.5060729616
3491	0.5060919099
3492	0.5060350648
3493	0.5060350648
3494	0.5060350648
3495	0.5060729616
3496	0.5061108583
3497	0.5061108583
3498	0.5061677034
3499	0.5061677034
3500	0.5061108583
3501	0.5061108583
3502	0.5061298067
3503	0.5061298067
3504	0.5061298067
3505	0.5061866518
3506	0.5061866518
3507	0.5061866518
3508	0.5062245485
3509	0.5062245485
3510	0.5062245485
3511	0.5062245485
3512	0.5062245485
3513	0.5062813936
3514	0.5063382387
3515	0.5063382387
3516	0.5063382387
3517	0.5063382387
3518	0.5063382387
3519	0.5063382387
3520	0.5063382387
3521	0.5063382387
3522	0.5063382387
3523	0.5063382387
3524	0.5063571871
3525	0.5063571871
3526	0.5063192903
3527	0.5063761354
3528	0.5063761354
3529	0.5063761354
3530	0.5063571871
3531	0.5063571871
3532	0.5063571871
3533	0.5063571871
3534	0.5063571871
3535	0.5063571871
3536	0.5063571871
3537	0.5063571871
3538	0.5063571871
3539	0.5062813936
3540	0.5062813936
3541	0.506300342
3542	0.5061866518
3543	0.5061677034
3544	0.5061677034
3545	0.5061677034
3546	0.5062434969
3547	0.5062434969
3548	0.506300342
3549	0.506300342
3550	0.506300342
3551	0.506300342
3552	0.506300342
3553	0.506300342
3554	0.506300342
3555	0.506300342
3556	0.506300342
3557	0.506300342
3558	0.506300342
3559	0.506300342
3560	0.506300342
3561	0.506300342
3562	0.506300342
3563	0.5063192903
3564	0.506300342
3565	0.506300342
3566	0.5063192903
3567	0.5063192903
3568	0.5063192903
3569	0.5063192903
3570	0.5063192903
3571	0.5063192903
3572	0.5063192903
3573	0.5063192903
3574	0.506300342
3575	0.506300342
3576	0.5063192903
3577	0.5063192903
3578	0.5063571871
3579	0.5063571871
3580	0.5063382387
3581	0.5063382387
3582	0.5063192903
3583	0.5063382387
3584	0.5064519289
3585	0.5064519289
3586	0.5064519289
3587	0.5064519289
3588	0.5064898256
3589	0.506508774
3590	0.506508774
3591	0.506508774
3592	0.5064898256
3593	0.5064898256
3594	0.5064898256
3595	0.5064898256
3596	0.5064329805
3597	0.5064329805
3598	0.5064329805
3599	0.5064140322
3600	0.5064140322
3601	0.5064140322
3602	0.5064519289
3603	0.5064708773
3604	0.5064519289
3605	0.5064329805
3606	0.5064329805
3607	0.5064140322
3608	0.5064708773
3609	0.5064708773
3610	0.5064708773
3611	0.5064519289
3612	0.5064519289
3613	0.5064140322
3614	0.5064519289
3615	0.5064329805
3616	0.5064329805
3617	0.5064898256
3618	0.5064898256
3619	0.5064898256
3620	0.5064898256
3621	0.5065466707
3622	0.5065466707
3623	0.5065277224
3624	0.5065466707
3625	0.5065466707
3626	0.506508774
3627	0.506508774
3628	0.506508774
3629	0.5064898256
3630	0.5064708773
3631	0.506508774
3632	0.506508774
3633	0.506508774
3634	0.506508774
3635	0.506508774
3636	0.506508774
3637	0.5065277224
3638	0.5065277224
3639	0.5064898256
3640	0.506508774
3641	0.5065466707
3642	0.5065466707
3643	0.506508774
3644	0.506508774
3645	0.5065277224
3646	0.506508774
3647	0.506508774
3648	0.506508774
3649	0.5065466707
3650	0.5065277224
3651	0.5065277224
3652	0.506508774
3653	0.506508774
3654	0.5065656191
3655	0.5066224642
3656	0.5066224642
3657	0.5066224642
3658	0.5066414126
3659	0.5066982577
3660	0.5066982577
3661	0.5066982577
3662	0.506717206
3663	0.5066982577
3664	0.5066793093
3665	0.5067551027
3666	0.5067740511
3667	0.5067740511
3668	0.5067740511
3669	0.5067740511
3670	0.5067740511
3671	0.5067551028
3672	0.5067740511
3673	0.5067740511
3674	0.5067740511
3675	0.506717206
3676	0.5067361544
3677	0.5067361544
3678	0.5066982576
3679	0.5066982576
3680	0.5067551027
3681	0.5067551027
3682	0.5066982576
3683	0.5066982576
3684	0.5067551027
3685	0.5067551027
3686	0.5067551027
3687	0.5067361544
3688	0.5068498446
3689	0.5067929995
3690	0.5067929995
3691	0.5067551027
3692	0.5067551027
3693	0.5067551027
3694	0.5068119478
3695	0.5067929995
3696	0.5068119478
3697	0.5068498446
3698	0.5068498446
3699	0.5068498446
3700	0.5068498446
3701	0.5068308962
3702	0.506717206
3703	0.5067551028
3704	0.506717206
3705	0.506717206
3706	0.5065656191
3707	0.5065845675
3708	0.5065845675
3709	0.5065845675
3710	0.5066224642
3711	0.5066035158
3712	0.5066414126
3713	0.506717206
3714	0.506717206
3715	0.5065845675
3716	0.5065656191
3717	0.5066224642
3718	0.5066224642
3719	0.5066414126
3720	0.5066224642
3721	0.5065656191
3722	0.5067361544
3723	0.5066414126
3724	0.5066414126
3725	0.5066793093
3726	0.5067361544
3727	0.5066982577
3728	0.5066982577
3729	0.5066982577
3730	0.5066414126
3731	0.5066414126
3732	0.5066414126
3733	0.5066982577
3734	0.5067551027
3735	0.5066793093
3736	0.5067361544
3737	0.5067929995
3738	0.5068498446
3739	0.5068498446
3740	0.5068498446
3741	0.5068119478
3742	0.5068119478
3743	0.5068119478
3744	0.5068308962
3745	0.5068119478
3746	0.5067551027
3747	0.5067551027
3748	0.5067551027
3749	0.5067551027
3750	0.5066982576
3751	0.5066982576
3752	0.5066982576
3753	0.5066982576
3754	0.5066982576
3755	0.506717206
3756	0.5066982576
3757	0.506717206
3758	0.506717206
3759	0.5066603609
3760	0.5066603609
3761	0.5066414125
3762	0.5066603609
3763	0.5066603609
3764	0.5066603609
3765	0.5066603609
3766	0.5066603609
3767	0.5066603609
3768	0.5066982576
3769	0.5066982576
3770	0.506717206
3771	0.5066603609
3772	0.5066603609
3773	0.5066603609
3774	0.5066603609
3775	0.5066603609
3776	0.5065845675
3777	0.5065845675
3778	0.5066603609
3779	0.506717206
3780	0.5066982576
3781	0.5066982576
3782	0.5067740511
3783	0.506717206
3784	0.5067929995
3785	0.5068498446
3786	0.5067929995
3787	0.5067929995
3788	0.5067740511
3789	0.5067361544
3790	0.5067361544
3791	0.5067929995
3792	0.5067929995
3793	0.5068498446
3794	0.5068498446
3795	0.5067740511
3796	0.5068308962
3797	0.5068498446
3798	0.5068498446
3799	0.5068687929
3800	0.506925638
3801	0.506925638
3802	0.506925638
3803	0.506925638
3804	0.506925638
3805	0.506925638
3806	0.506925638
3807	0.506925638
3808	0.506925638
3809	0.506925638
3810	0.506925638
3811	0.5068687929
3812	0.5068687929
3813	0.5068687929
3814	0.5068687929
3815	0.5068498446
3816	0.5068498446
3817	0.5068498446
3818	0.5068687929
3819	0.5068687929
3820	0.5068687929
3821	0.5068877413
3822	0.5068498446
3823	0.5068498446
3824	0.5069066897
3825	0.5068877413
3826	0.5067929995
3827	0.5068308962
3828	0.5069066897
3829	0.5067740511
3830	0.5068877413
3831	0.5068877413
3832	0.5069066897
3833	0.5069066897
3834	0.5069635348
3835	0.5069066897
3836	0.5068687929
3837	0.506925638
3838	0.5069066897
3839	0.5069635348
3840	0.5069635348
3841	0.5069635348
3842	0.5069066897
3843	0.5069824831
3844	0.5069824831
3845	0.5069824831
3846	0.5069635348
3847	0.5070203799
3848	0.5070393282
3849	0.5070203799
3850	0.5070582766
3851	0.5070203799
3852	0.5070203799
3853	0.5069635348
3854	0.5069635348
3855	0.5070014315
3856	0.5070014315
3857	0.5069445864
3858	0.5069824831
3859	0.5069824831
3860	0.506925638
3861	0.506925638
3862	0.5069824831
3863	0.5069824831
3864	0.5070203799
3865	0.5069635348
3866	0.5070203799
3867	0.5070393282
3868	0.5070393282
3869	0.5070393282
3870	0.5069635348
3871	0.5069445864
3872	0.5069066897
3873	0.5068877413
3874	0.506925638
3875	0.5069066897
3876	0.5069066897
3877	0.5069066897
3878	0.5069066897
3879	0.5069066897
3880	0.5070014315
3881	0.5070582766
3882	0.5069824831
3883	0.5069824831
3884	0.5069824831
3885	0.5070014315
3886	0.5070014315
3887	0.5070014315
3888	0.5070014315
3889	0.5069635348
3890	0.5070203799
3891	0.5070203799
3892	0.5070393282
3893	0.5070582766
3894	0.5070393282
3895	0.5070582766
3896	0.5070582766
3897	0.5070582766
3898	0.5070393282
3899	0.507077225
3900	0.507077225
3901	0.507077225
3902	0.507077225
3903	0.507077225
3904	0.5071340701
3905	0.5071340701
3906	0.5071151217
3907	0.5071151217
3908	0.5071151217
3909	0.5071530184
3910	0.5071530184
3911	0.5071530184
3912	0.5071530184
3913	0.5071719668
3914	0.5071719668
3915	0.507077225
3916	0.507077225
3917	0.5071151217
3918	0.5071151217
3919	0.5071340701
3920	0.5071340701
3921	0.5071909152
3922	0.5071909152
3923	0.5071340701
3924	0.5070961733
3925	0.5071909152
3926	0.5071909152
3927	0.5072098635
3928	0.5071719668
3929	0.5071909152
3930	0.5071909152
3931	0.5071909152
3932	0.5071909152
3933	0.5071909152
3934	0.5071909152
3935	0.5071719668
3936	0.5071719668
3937	0.5071719668
3938	0.5071909152
3939	0.5072098635
3940	0.5071909152
3941	0.5071909152
3942	0.5071909152
3943	0.5071909152
3944	0.5071909152
3945	0.5072098635
3946	0.5072098635
3947	0.5071909152
3948	0.5071909152
3949	0.5071909152
3950	0.5072098635
3951	0.5072098635
3952	0.5072098635
3953	0.5071530184
3954	0.5072098635
3955	0.5072098635
3956	0.5072288119
3957	0.5072477603
3958	0.5072477603
3959	0.5072667086
3960	0.5072667086
3961	0.5072667086
3962	0.507285657
3963	0.5073235537
3964	0.5073235537
3965	0.5073235537
3966	0.507285657
3967	0.507285657
3968	0.5072477603
3969	0.5072477603
3970	0.5072477603
3971	0.5072477603
3972	0.5072477603
3973	0.5072288119
3974	0.5072288119
3975	0.5071719668
3976	0.5072288119
3977	0.5072288119
3978	0.5072288119
3979	0.5071909152
3980	0.5071909152
3981	0.5072098635
3982	0.5072098635
3983	0.5071909152
3984	0.5071909152
3985	0.5071909152
3986	0.5071909152
3987	0.5071719668
3988	0.5071719668
3989	0.5071719668
3990	0.5071909152
3991	0.5071719668
3992	0.5071719668
3993	0.5071909152
3994	0.5072477603
3995	0.507285657
3996	0.507285657
3997	0.5072477603
3998	0.5072477603
3999	0.5072477603
4000	0.5072667086
4001	0.5072667086
4002	0.5073425021
4003	0.5073425021
4004	0.5073614505
4005	0.5073614505
4006	0.5073614505
4007	0.5073614505
4008	0.5073993472
4009	0.5073993472
4010	0.5073993472
4011	0.5073425021
4012	0.5073425021
4013	0.5073425021
4014	0.5073993472
4015	0.5073993472
4016	0.5073614505
4017	0.5073046054
4018	0.5073046054
4019	0.5073046054
4020	0.5073993472
4021	0.5073993472
4022	0.5073046054
4023	0.5073046054
4024	0.5073046054
4025	0.5072667086
4026	0.5072667086
4027	0.5072667086
4028	0.5073235537
4029	0.5073235537
4030	0.5072667086
4031	0.5072667086
4032	0.5072667086
4033	0.5072477603
4034	0.5072667086
4035	0.5072477603
4036	0.5072477603
4037	0.5072477603
4038	0.5072477603
4039	0.5072667086
4040	0.5072098635
4041	0.5072098635
4042	0.5072098635
4043	0.5072098635
4044	0.5072477603
4045	0.5072288119
4046	0.5072288119
4047	0.5072098635
4048	0.5072098635
4049	0.5072667086
4050	0.5072667086
4051	0.507285657
4052	0.5072667086
4053	0.5073235537
4054	0.5073235537
4055	0.5073235537
4056	0.5072667086
4057	0.5071909152
4058	0.5071530184
4059	0.5071719668
4060	0.5072288119
4061	0.5072288119
4062	0.5072667086
4063	0.5072667086
4064	0.5073235537
4065	0.5073425021
4066	0.5073235537
4067	0.507285657
4068	0.507285657
4069	0.507285657
4070	0.5073235537
4071	0.5073235537
4072	0.5073425021
4073	0.5073425021
4074	0.5073425021
4075	0.5073425021
4076	0.5073425021
4077	0.507285657
4078	0.5072477603
4079	0.5072477603
4080	0.5072477603
4081	0.5073046054
4082	0.5073046054
4083	0.5073235537
4084	0.5071909152
4085	0.5071909152
4086	0.5072098635
4087	0.5073046054
4088	0.5072477603
4089	0.5072477603
4090	0.5072288119
4091	0.5072288119
4092	0.5072288119
4093	0.5072288119
4094	0.507285657
4095	0.5072667086
4096	0.5073046054
4097	0.5073046054
4098	0.507285657
4099	0.5073235537
4100	0.5073235537
4101	0.5073425021
4102	0.5073425021
4103	0.5073425021
4104	0.507285657
4105	0.507285657
4106	0.507285657
4107	0.5073425021
4108	0.5073235537
4109	0.507285657
4110	0.5073425021
4111	0.5073046054
4112	0.5072477603
4113	0.5072477603
4114	0.5072477603
4115	0.5072477603
4116	0.5072477603
4117	0.5072667086
4118	0.5072667086
4119	0.5072477603
4120	0.5072477603
4121	0.5072477603
4122	0.507285657
4123	0.507285657
4124	0.5073046054
4125	0.5073046054
4126	0.5073046054
4127	0.5072477603
4128	0.5072477603
4129	0.5072477603
4130	0.5072098635
4131	0.5071909152
4132	0.5071530184
4133	0.5071909152
4134	0.5072477603
4135	0.5072477603
4136	0.5072477603
4137	0.5072288119
4138	0.5071719668
4139	0.5071340701
4140	0.5071719668
4141	0.5071340701
4142	0.5071340701
4143	0.5071340701
4144	0.5071340701
4145	0.5071719668
4146	0.5071340701
4147	0.5071340701
4148	0.5071340701
4149	0.5071151217
4150	0.5072477603
4151	0.5071719668
4152	0.5072288119
4153	0.5072288119
4154	0.5072667086
4155	0.5072667086
4156	0.5072667086
4157	0.5072667086
4158	0.5072667086
4159	0.5072477603
4160	0.5072477603
4161	0.5072477603
4162	0.507285657
4163	0.5073046054
4164	0.5073803988
4165	0.5073803988
4166	0.5073803988
4167	0.5073803988
4168	0.5073993472
4169	0.5074372439
4170	0.5074372439
4171	0.5074372439
4172	0.5074372439
4173	0.5074751407
4174	0.5074751407
4175	0.5074751407
4176	0.5074751407
4177	0.5074751407
4178	0.5074751407
4179	0.5074751407
4180	0.5075319858
4181	0.507494089
4182	0.5074182956
4183	0.5074182956
4184	0.5074182956
4185	0.5074182956
4186	0.5074182956
4187	0.5074182956
4188	0.5074561923
4189	0.5074561923
4190	0.5074561923
4191	0.5074561923
4192	0.5074561923
4193	0.5074182956
4194	0.5074751407
4195	0.5074372439
4196	0.5073993472
4197	0.5073993472
4198	0.5073993472
4199	0.5074182956
4200	0.5074182956
4201	0.5073993472
4202	0.5074372439
4203	0.5074372439
4204	0.5074372439
4205	0.5074372439
4206	0.5074372439
4207	0.5074372439
4208	0.5074372439
4209	0.5074372439
4210	0.5074561923
4211	0.5074561923
4212	0.5074561923
4213	0.5074561923
4214	0.5074561923
4215	0.5074561923
4216	0.5074561923
4217	0.5074561923
4218	0.5074561923
4219	0.5074561923
4220	0.5074182956
4221	0.5074182956
4222	0.5074182956
4223	0.5074182956
4224	0.5074182956
4225	0.5074182956
4226	0.5074182956
4227	0.5074182956
4228	0.5074561923
4229	0.5074182956
4230	0.5074182956
4231	0.5074561923
4232	0.5074561923
4233	0.5074561923
4234	0.5074561923
4235	0.5074561923
4236	0.5074561923
4237	0.5074561923
4238	0.5074561923
4239	0.5074561923
4240	0.5074561923
4241	0.5074561923
4242	0.5074561923
4243	0.5074372439
4244	0.5074372439
4245	0.5074372439
4246	0.5074372439
4247	0.5074372439
4248	0.5074372439
4249	0.5073993472
4250	0.5073993472
4251	0.5073993472
4252	0.5073993472
4253	0.5073993472
4254	0.5073993472
4255	0.5073993472
4256	0.5074372439
4257	0.5074561923
4258	0.5074561923
4259	0.5074561923
4260	0.5074372439
4261	0.5074372439
4262	0.5074372439
4263	0.5073993472
4264	0.5073993472
4265	0.5073993472
4266	0.5073993472
4267	0.5073993472
4268	0.5074182956
4269	0.5074372439
4270	0.5074372439
4271	0.5074182956
4272	0.5074182956
4273	0.5074182956
4274	0.5074372439
4275	0.5074182956
4276	0.5074751407
4277	0.5074751407
4278	0.5074751407
4279	0.5074751407
4280	0.5074751407
4281	0.5074372439
4282	0.5074372439
4283	0.5074372439
4284	0.5074372439
4285	0.5074372439
4286	0.5074372439
4287	0.5074372439
4288	0.5073803988
4289	0.5073803988
4290	0.5073803988
4291	0.5073803988
4292	0.5073803988
4293	0.5074182956
4294	0.507494089
4295	0.5074751407
4296	0.5074751407
4297	0.5074751407
4298	0.5075509341
4299	0.5075509341
4300	0.5075509341
4301	0.5075698825
4302	0.5075698825
4303	0.5075698825
4304	0.5075698825
4305	0.5075698825
4306	0.5075698825
4307	0.5075509341
4308	0.5075319858
4309	0.5075319858
4310	0.5075319858
4311	0.5075888309
4312	0.5075698825
4313	0.5075698825
4314	0.5075698825
4315	0.5075509341
4316	0.5076077792
4317	0.5076077792
4318	0.5075698825
4319	0.5075698825
4320	0.5075130374
4321	0.5075130374
4322	0.5075130374
4323	0.5075130374
4324	0.5075319858
4325	0.5075319858
4326	0.5075319858
4327	0.5075319858
4328	0.5075319858
4329	0.5075698825
4330	0.5075130374
4331	0.5075319858
4332	0.5075319858
4333	0.5075130374
4334	0.5075130374
4335	0.5075130374
4336	0.5075319858
4337	0.5075698825
4338	0.5075698825
4339	0.5075698825
4340	0.5075888309
4341	0.5075888309
4342	0.5075888309
4343	0.5075888309
4344	0.5076456759
4345	0.5076835727
4346	0.5076835727
4347	0.5076835727
4348	0.5076456759
4349	0.5076456759
4350	0.5076456759
4351	0.5076456759
4352	0.5076456759
4353	0.5076456759
4354	0.5076456759
4355	0.5076835727
4356	0.5076835727
4357	0.5077214694
4358	0.5077214694
4359	0.5076835727
4360	0.5076835727
4361	0.5077214694
4362	0.5077214694
4363	0.5077593661
4364	0.5077593661
4365	0.5077025211
4366	0.5077404178
4367	0.5077783145
4368	0.5077783145
4369	0.5077214694
4370	0.5076646243
4371	0.5077214694
4372	0.5077214694
4373	0.5076646243
4374	0.5077214694
4375	0.5077214694
4376	0.5077214694
4377	0.5077214694
4378	0.5077214694
4379	0.5077404178
4380	0.5077404178
4381	0.5076835727
4382	0.5076835727
4383	0.5076835727
4384	0.5076835727
4385	0.5076835727
4386	0.5076835727
4387	0.5076835727
4388	0.5076835727
4389	0.5077404178
4390	0.5077593661
4391	0.5077214694
4392	0.507702521
4393	0.5077404178
4394	0.5077404178
4395	0.5077404178
4396	0.5077404178
4397	0.5077783145
4398	0.5077404178
4399	0.5077404178
4400	0.507702521
4401	0.507702521
4402	0.507702521
4403	0.507702521
4404	0.507702521
4405	0.507702521
4406	0.507702521
4407	0.5077404178
4408	0.5076456759
4409	0.5076835727
4410	0.5076835727
4411	0.5076835727
4412	0.5076835727
4413	0.5077404178
4414	0.5077404178
4415	0.5077972629
4416	0.5077972629
4417	0.5077972629
4418	0.5077972629
4419	0.5077593661
4420	0.5077593661
4421	0.5077593661
4422	0.5077593661
4423	0.5077593661
4424	0.5078162112
4425	0.5078162112
4426	0.5078162112
4427	0.5078162112
4428	0.5078162112
4429	0.5078162112
4430	0.5077593661
4431	0.5078162112
4432	0.5078162112
4433	0.5078162112
4434	0.5078162112
4435	0.5078162112
4436	0.5078162112
4437	0.5077972629
4438	0.5077972629
4439	0.507854108
4440	0.507854108
4441	0.507854108
4442	0.5078162112
4443	0.5078162112
4444	0.5078162112
4445	0.5078162112
4446	0.5078162112
4447	0.5078162112
4448	0.5078162112
4449	0.5078162112
4450	0.5078162112
4451	0.5078162112
4452	0.5078162112
4453	0.507854108
4454	0.507854108
4455	0.507854108
4456	0.5078920047
4457	0.5078920047
4458	0.5078920047
4459	0.5078920047
4460	0.5078920047
4461	0.5078920047
4462	0.5078920047
4463	0.5078920047
4464	0.5078920047
4465	0.5078920047
4466	0.5078920047
4467	0.5078920047
4468	0.5078920047
4469	0.5078920047
4470	0.5078920047
4471	0.5078920047
4472	0.5078920047
4473	0.5078920047
4474	0.5078920047
4475	0.5078920047
4476	0.5078920047
4477	0.5079109531
4478	0.5079109531
4479	0.5079109531
4480	0.5079109531
4481	0.5079109531
4482	0.5079109531
4483	0.5079109531
4484	0.5079488498
4485	0.5079488498
4486	0.5079488498
4487	0.5079488498
4488	0.5079299014
4489	0.5079299014
4490	0.5079299014
4491	0.5079109531
4492	0.5079299014
4493	0.5079299014
4494	0.5079867465
4495	0.5079867465
4496	0.5079867465
4497	0.5079677982
4498	0.5079677982
4499	0.5079677982
4500	0.5079677982
4501	0.5079867465
4502	0.5079867465
4503	0.5079867465
4504	0.5079867465
4505	0.5079867465
4506	0.5079677982
4507	0.5079677982
4508	0.5079867465
4509	0.5078730563
4510	0.5078730563
4511	0.5078730563
4512	0.507854108
4513	0.5078730563
4514	0.507854108
4515	0.5079109531
4516	0.5079109531
4517	0.5080056949
4518	0.5079677982
4519	0.5079677982
4520	0.5079488498
4521	0.5079299014
4522	0.5079109531
4523	0.5079299014
4524	0.5079109531
4525	0.5079299014
4526	0.5079299014
4527	0.5079109531
4528	0.5079109531
4529	0.5078920047
4530	0.5078920047
4531	0.5078920047
4532	0.5078920047
4533	0.5079109531
4534	0.5079109531
4535	0.5079109531
4536	0.5079299014
4537	0.5079109531
4538	0.5079299014
4539	0.5079299014
4540	0.5079109531
4541	0.5079109531
4542	0.5079109531
4543	0.5079109531
4544	0.5079109531
4545	0.5079109531
4546	0.5079109531
4547	0.5078730563
4548	0.5078920047
4549	0.5078920047
4550	0.5078920047
4551	0.5078920047
4552	0.5078920047
4553	0.5078920047
4554	0.5078920047
4555	0.5078730563
4556	0.5078730563
4557	0.5078730563
4558	0.5079109531
4559	0.5079109531
4560	0.5079488498
4561	0.5079488498
4562	0.5079488498
4563	0.5079488498
4564	0.5079867465
4565	0.5079867465
4566	0.5079488498
4567	0.5079488498
4568	0.5080056949
4569	0.5079677982
4570	0.5080246433
4571	0.5080056949
4572	0.5080056949
4573	0.5080056949
4574	0.5080056949
4575	0.5079677982
4576	0.5079867465
4577	0.5079867465
4578	0.5079299014
4579	0.5078730563
4580	0.5078730563
4581	0.5078730563
4582	0.5078351596
4583	0.5078351596
4584	0.507854108
4585	0.507854108
4586	0.507854108
4587	0.507854108
4588	0.507854108
4589	0.5078351596
4590	0.5078730563
4591	0.5078730563
4592	0.5078730563
4593	0.5079299014
4594	0.5079299014
4595	0.5079109531
4596	0.5079109531
4597	0.5078920047
4598	0.5079299014
4599	0.5079299014
4600	0.5079109531
4601	0.5078730563
4602	0.5078920047
4603	0.5078920047
4604	0.5078920047
4605	0.5079109531
4606	0.5079109531
4607	0.5078730563
4608	0.5078730563
4609	0.5078351596
4610	0.507854108
4611	0.5078351596
4612	0.5078351596
4613	0.5078351596
4614	0.507854108
4615	0.5079109531
4616	0.5079109531
4617	0.5079109531
4618	0.5079109531
4619	0.507854108
4620	0.507854108
4621	0.507854108
4622	0.5078730563
4623	0.5078730563
4624	0.5078730563
4625	0.5078730563
4626	0.507854108
4627	0.5079109531
4628	0.5079109531
4629	0.5079109531
4630	0.5079109531
4631	0.5079109531
4632	0.5079299014
4633	0.5079299014
4634	0.5079299014
4635	0.5079299014
4636	0.5079299014
4637	0.5079299014
4638	0.5079488498
4639	0.5079488498
4640	0.5079488498
4641	0.5079488498
4642	0.5079488498
4643	0.5079488498
4644	0.5079488498
4645	0.5079488498
4646	0.5079488498
4647	0.5079488498
4648	0.5079488498
4649	0.5079299014
4650	0.5079488498
4651	0.5079867465
4652	0.5079867465
4653	0.5079677982
4654	0.5079867465
4655	0.5080246433
4656	0.5080814884
4657	0.5080814884
4658	0.5080814884
4659	0.5080814884
4660	0.50806254
4661	0.50806254
4662	0.5081193851
4663	0.5081193851
4664	0.5081193851
4665	0.5081193851
4666	0.5081004367
4667	0.5081004367
4668	0.5081004367
4669	0.5081004367
4670	0.5081004367
4671	0.5081572818
4672	0.5081572818
4673	0.5081572818
4674	0.50806254
4675	0.50806254
4676	0.50806254
4677	0.5080056949
4678	0.5080435916
4679	0.5080435916
4680	0.5080435916
4681	0.5081004367
4682	0.5081004367
4683	0.5081004367
4684	0.5081004367
4685	0.5081004367
4686	0.5081004367
4687	0.5080814884
4688	0.5080814884
4689	0.5080814884
4690	0.5080435916
4691	0.5079867465
4692	0.5080246433
4693	0.5080246433
4694	0.5079677982
4695	0.5079677982
4696	0.5079867465
4697	0.50806254
4698	0.50806254
4699	0.50806254
4700	0.5080814884
4701	0.5080246433
4702	0.5080246433
4703	0.50806254
4704	0.50806254
4705	0.50806254
4706	0.50806254
4707	0.50806254
4708	0.50806254
4709	0.5080435916
4710	0.5080246433
4711	0.5080435916
4712	0.5080435916
4713	0.5080435916
4714	0.5080056949
4715	0.5080056949
4716	0.5080056949
4717	0.5080056949
4718	0.5080056949
4719	0.5080246433
4720	0.5080056949
4721	0.5080056949
4722	0.50806254
4723	0.5080056949
4724	0.5080056949
4725	0.5080056949
4726	0.5080056949
4727	0.5080435916
4728	0.5080435916
4729	0.5080246433
4730	0.5080056949
4731	0.5080056949
4732	0.5080435916
4733	0.5080435916
4734	0.5080435916
4735	0.5081004367
4736	0.5081383335
4737	0.5081004367
4738	0.5081193851
4739	0.5081762302
4740	0.5081762302
4741	0.5081572818
4742	0.5081572818
4743	0.5081193851
4744	0.5081193851
4745	0.5081193851
4746	0.5081193851
4747	0.5081572818
4748	0.5081572818
4749	0.5081572818
4750	0.5081572818
4751	0.5081572818
4752	0.5081572818
4753	0.5081572818
4754	0.5081572818
4755	0.5081193851
4756	0.5081193851
4757	0.5081762302
4758	0.5081762302
4759	0.5081762302
4760	0.5081762302
4761	0.5081762302
4762	0.5081762302
4763	0.5081572818
4764	0.5081383335
4765	0.5081572818
4766	0.5081572818
4767	0.5081572818
4768	0.5081572818
4769	0.5081572818
4770	0.5081572818
4771	0.5081572818
4772	0.5081572818
4773	0.5081572818
4774	0.5081951786
4775	0.5081951786
4776	0.5081951786
4777	0.5081951786
4778	0.5081572818
4779	0.5081572818
4780	0.5081572818
4781	0.5081193851
4782	0.5081193851
4783	0.5081383335
4784	0.5081762302
4785	0.5081762302
4786	0.5082330753
4787	0.5082330753
4788	0.5082330753
4789	0.5082520237
4790	0.5082520237
4791	0.5082141269
4792	0.5082141269
4793	0.5082141269
4794	0.5082141269
4795	0.5082141269
4796	0.5082141269
4797	0.5082141269
4798	0.5082141269
4799	0.5082141269
4800	0.5082141269
4801	0.5082141269
4802	0.5082141269
4803	0.5082141269
4804	0.5081762302
4805	0.5081762302
4806	0.5081762302
4807	0.5081762302
4808	0.5081762302
4809	0.5081762302
4810	0.5081762302
4811	0.5082141269
4812	0.5082141269
4813	0.5082141269
4814	0.5082141269
4815	0.5081951786
4816	0.5081951786
4817	0.5082520237
4818	0.5082520237
4819	0.5082520237
4820	0.5082520237
4821	0.5082520237
4822	0.5082520237
4823	0.5082520237
4824	0.5082520237
4825	0.5082520237
4826	0.5082520237
4827	0.5082520237
4828	0.5083088688
4829	0.5083088688
4830	0.5083088688
4831	0.5082520237
4832	0.5083088688
4833	0.5083088688
4834	0.5083088688
4835	0.5083088688
4836	0.5083088688
4837	0.5083088688
4838	0.5083088688
4839	0.5083088688
4840	0.5083088688
4841	0.5083088688
4842	0.5083088688
4843	0.5083278171
4844	0.5083278171
4845	0.508270972
4846	0.508270972
4847	0.5082520237
4848	0.5082899204
4849	0.5083088688
4850	0.5083467655
4851	0.5083657139
4852	0.5083278171
4853	0.5083278171
4854	0.5083657139
4855	0.508422559
4856	0.5083657139
4857	0.5083467655
4858	0.5083467655
4859	0.5083846622
4860	0.5083846622
4861	0.5083846622
4862	0.5083846622
4863	0.5083846622
4864	0.5083846622
4865	0.5083846622
4866	0.5083846622
4867	0.5083846622
4868	0.5083846622
4869	0.5083846622
4870	0.5083846622
4871	0.5083846622
4872	0.5083278171
4873	0.5083657139
4874	0.5083657139
4875	0.5083657139
4876	0.5083657139
4877	0.5083467655
4878	0.5083467655
4879	0.5083467655
4880	0.5083467655
4881	0.5083467655
4882	0.5083088688
4883	0.5083088688
4884	0.5083088688
4885	0.5084036106
4886	0.5083657139
4887	0.5083657139
4888	0.5083657139
4889	0.5083657139
4890	0.5083657139
4891	0.5083657139
4892	0.5083657139
4893	0.5083467655
4894	0.5083467655
4895	0.5083088688
4896	0.5082899204
4897	0.5083657139
4898	0.5082899204
4899	0.5082899204
4900	0.5083278171
4901	0.5083657139
4902	0.5083657139
4903	0.5083657139
4904	0.5083657139
4905	0.5083657139
4906	0.5083657139
4907	0.5083657139
4908	0.5084036106
4909	0.5084036106
4910	0.5083846622
4911	0.5083467655
4912	0.5083467655
4913	0.5083467655
4914	0.5083657139
4915	0.5083467655
4916	0.5083657139
4917	0.5083278171
4918	0.5083278171
4919	0.5083278171
4920	0.5083278171
4921	0.5083278171
4922	0.5082330753
4923	0.5082330753
4924	0.5082330753
4925	0.5082330753
4926	0.5082330753
4927	0.5082330753
4928	0.508270972
4929	0.508270972
4930	0.508270972
4931	0.508270972
4932	0.508270972
4933	0.5083088688
4934	0.5083088688
4935	0.5083088688
4936	0.5083088688
4937	0.5083088688
4938	0.5083088688
4939	0.5083088688
4940	0.5083088688
4941	0.5083088688
4942	0.508270972
4943	0.508270972
4944	0.508270972
4945	0.508270972
4946	0.5082520237
4947	0.5082520237
4948	0.5082520237
4949	0.5082520237
4950	0.5082520237
4951	0.5082520237
4952	0.5082520237
4953	0.5082330753
4954	0.5081951786
4955	0.5081193851
4956	0.5081572818
4957	0.5081193851
4958	0.5081383335
4959	0.5081193851
4960	0.5081193851
4961	0.5081951786
4962	0.5081951786
4963	0.5081762302
4964	0.5081762302
4965	0.5081762302
4966	0.5081762302
4967	0.5081572818
4968	0.5081572818
4969	0.5081762302
4970	0.5081762302
4971	0.5081762302
4972	0.5081762302
4973	0.5081762302
4974	0.5081572818
4975	0.5081572818
4976	0.5081572818
4977	0.5081572818
4978	0.5081572818
4979	0.5081572818
4980	0.5081572818
4981	0.508270972
4982	0.5082330753
4983	0.5082330753
4984	0.5082330753
4985	0.5082330753
4986	0.5082330753
4987	0.5082330753
4988	0.5082330753
4989	0.5082520237
4990	0.5082330753
4991	0.5082330753
4992	0.5082330753
4993	0.5083088688
4994	0.5083088688
4995	0.5083088688
4996	0.5083088688
4997	0.5082899204
4998	0.5082899204
4999	0.5082899204
